compound_id,confidence,context_type,mention_count,patent_id
CHEMBL254328,1.0,abstract,1,EP-3337477-A1
CHEMBL3183409,1.0,abstract,1,EP-3337477-A1
CHEMBL2396661,1.0,abstract,1,US-12427142-B2
CHEMBL3137309,1.0,abstract,1,WO-2025184298-A1
CHEMBL189963,1.0,abstract,1,WO-2025085360-A1
CHEMBL3301610,1.0,abstract,1,WO-2025085360-A1
CHEMBL3545110,1.0,abstract,1,WO-2025085360-A1
CHEMBL2103840,1.0,abstract,1,WO-2025085360-A1
CHEMBL564829,1.0,abstract,1,WO-2025085360-A1
CHEMBL14762,1.0,abstract,1,WO-2025085360-A1
CHEMBL355001,1.0,abstract,1,EP-4536363-A1
CHEMBL5095036,1.0,abstract,1,US-2025208149-A1
CHEMBL1201585,1.0,abstract,1,WO-2025114411-A1
CHEMBL103,1.0,abstract,1,US-12310980-B2
CHEMBL1201631,1.0,abstract,1,US-2025134837-A1
CHEMBL413,1.0,abstract,1,US-2025134837-A1
CHEMBL2146883,1.0,abstract,1,EP-4272735-A1
CHEMBL3707227,1.0,abstract,1,US-12421313-B2
CHEMBL4303201,1.0,abstract,1,US-12421313-B2
CHEMBL53463,1.0,abstract,1,WO-2025172829-A1
CHEMBL1201631,1.0,abstract,1,WO-2023116671-A1
CHEMBL1200689,1.0,abstract,1,WO-2023116671-A1
CHEMBL3137343,1.0,abstract,1,WO-2025106658-A1
CHEMBL2146883,1.0,abstract,1,EP-3316867-A1
CHEMBL2146883,1.0,abstract,1,US-2018116966-A1
CHEMBL3137309,1.0,abstract,1,WO-2024229439-A3
CHEMBL4535757,1.0,abstract,1,WO-2025101623-A1
CHEMBL5416410,1.0,abstract,1,EP-4552631-A2
CHEMBL4594350,1.0,abstract,1,EP-4552631-A2
CHEMBL4535757,1.0,abstract,1,US-2025145589-A1
CHEMBL1094636,1.0,abstract,1,WO-2019133697-A1
CHEMBL575060,1.0,abstract,1,EP-4635980-A1
CHEMBL3137309,1.0,abstract,1,EP-4598962-A1
CHEMBL4650215,1.0,abstract,1,CN117281814A
CHEMBL2177390,1.0,abstract,1,US2022226481A1
CHEMBL413,1.0,abstract,1,US-11034701-B2
CHEMBL2177390,1.0,abstract,1,WO2020210337A1
CHEMBL3137320,1.0,abstract,1,US-11607405-B2
CHEMBL521686,1.0,abstract,1,US-11607405-B2
CHEMBL506871,1.0,abstract,1,US-11607405-B2
CHEMBL2396661,1.0,abstract,2,US-12427141-B2
CHEMBL2105728,1.0,abstract,1,US-2025161293-A1
CHEMBL413,1.0,abstract,1,EP-4629989-A2
CHEMBL1258517,1.0,abstract,1,WO-2025210119-A1
CHEMBL413,1.0,abstract,1,WO-2025199064-A1
CHEMBL413,1.0,abstract,1,EP-4618968-A1
CHEMBL105442,1.0,abstract,1,WO-2025193971-A1
CHEMBL3707227,1.0,abstract,1,US-2025320297-A1
CHEMBL939,1.0,abstract,1,US20260034087A1
CHEMBL1287853,1.0,abstract,1,WO-2022182857-A1
CHEMBL1789941,1.0,abstract,1,WO-2022182857-A1
CHEMBL1201631,1.0,abstract,1,US20260001948A1
CHEMBL1201585,1.0,abstract,1,IL321827A
CHEMBL1536,1.0,abstract,1,US-11376264-B2
CHEMBL3545419,1.0,abstract,1,MX2025013965A
CHEMBL54,1.0,abstract,1,CN121015577A
CHEMBL384467,1.0,abstract,1,CA3251417A1
CHEMBL12,1.0,abstract,1,CN120960287A
CHEMBL4559134,1.0,abstract,1,NZ793376A
CHEMBL4559134,1.0,abstract,1,IL312975A
CHEMBL1789844,1.0,abstract,1,US20260048119A1
CHEMBL3707227,1.0,abstract,1,US20260048119A1
CHEMBL3137343,1.0,abstract,1,US20260021097A1
CHEMBL3353410,1.0,abstract,1,US20260069592A1
CHEMBL1201577,1.0,abstract,1,US20260069596A1
CHEMBL5416410,1.0,abstract,1,EP-3536321-A1
CHEMBL1201585,1.0,abstract,1,US-11390685-B2
CHEMBL4297774,1.0,abstract,1,TW202547868A
CHEMBL2396661,1.0,abstract,1,US20260060969A1
CHEMBL1201631,1.0,abstract,1,US2025082643A1
CHEMBL4650215,1.0,abstract,1,TW202430189A
CHEMBL4650215,1.0,abstract,1,MX2021000847A
CHEMBL413,1.0,abstract,1,WO2025259805A1
CHEMBL413,1.0,abstract,1,NZ761374A
CHEMBL413,1.0,abstract,1,WO2025199064A1
CHEMBL3707227,1.0,abstract,1,EP-4626928-A2
CHEMBL2177390,1.0,abstract,1,JP2025121905A
CHEMBL413,1.0,abstract,1,EP-4168537-A1
CHEMBL3353410,1.0,abstract,1,WO2026038757A1
CHEMBL413,1.0,abstract,1,US-2022153752-A1
CHEMBL275638,1.0,abstract,1,CN114920755A
CHEMBL117,1.0,abstract,1,US2019216792A1
CHEMBL506871,1.0,abstract,1,CN120392751A
CHEMBL3707227,1.0,abstract,1,US2025340645A1
CHEMBL5095033,1.0,abstract,1,CA3253289A1
CHEMBL3137343,1.0,abstract,1,AU2024252887A1
CHEMBL1536,1.0,abstract,1,WO-2023154904-A2
CHEMBL3707227,1.0,abstract,1,MX2024015044A
CHEMBL5416410,1.0,abstract,1,US-11058685-B2
CHEMBL3137309,1.0,abstract,1,WO2025080282A1
CHEMBL575060,1.0,abstract,1,MX2022010878A
CHEMBL4559134,1.0,abstract,1,UA129813C2
CHEMBL386630,1.0,abstract,1,WO-2025202545-A1
CHEMBL5095036,1.0,abstract,1,WO-2025184572-A1
CHEMBL4535757,1.0,abstract,1,WO-2025184572-A1
CHEMBL4594350,1.0,abstract,1,WO-2025184572-A1
CHEMBL413,1.0,abstract,1,WO-2024123935-A3
CHEMBL413,1.0,abstract,1,WO-2024105677-A1
CHEMBL413,1.0,abstract,1,US-2023277574-A1
CHEMBL413,1.0,abstract,1,US-11590152-B2
CHEMBL413,1.0,abstract,1,US-11191750-B2
CHEMBL3707227,1.0,abstract,1,US2025179194A1
CHEMBL413,1.0,abstract,1,EP-3743057-A1
CHEMBL1536,1.0,abstract,1,WO-2023154904-A3
CHEMBL3301610,1.0,abstract,1,WO-2025092780-A1
CHEMBL571546,1.0,abstract,1,EP-3761988-A1
CHEMBL1536,1.0,abstract,1,EP-3761988-A1
CHEMBL2177390,1.0,abstract,1,CN113645972A
CHEMBL384467,1.0,abstract,1,US-2024024296-A1
CHEMBL3707227,1.0,abstract,1,US2025066480A1
CHEMBL384467,1.0,abstract,1,EP-3629774-A1
CHEMBL413,1.0,abstract,1,AU2024242998A1
CHEMBL3414621,1.0,abstract,1,US2025146080A1
CHEMBL4297774,1.0,abstract,1,TW202547867A
CHEMBL3353410,1.0,abstract,1,KR20260024837A
CHEMBL3353410,1.0,abstract,1,AU2024318495A1
CHEMBL3353410,1.0,abstract,1,WO2026038752A1
CHEMBL4558324,1.0,abstract,1,US20260048065A1
CHEMBL4297774,1.0,abstract,1,US20260048065A1
CHEMBL4650281,1.0,abstract,2,AU2024307787A1
CHEMBL3353410,1.0,abstract,1,US2025381183A1
CHEMBL1201585,1.0,abstract,1,US2025340948A1
CHEMBL3353410,1.0,abstract,1,CN120053453A
CHEMBL3353410,1.0,abstract,1,CN118615293A
CHEMBL3353410,1.0,abstract,1,CN118566507A
CHEMBL1201585,1.0,abstract,1,MY202114A
CHEMBL1017,1.0,abstract,1,WO-2024087273-A1
CHEMBL3286830,1.0,abstract,1,CN115246843A
CHEMBL3301622,1.0,abstract,1,EP4292595A1
CHEMBL3301622,1.0,abstract,1,WO2022173021A1
CHEMBL3137309,1.0,abstract,1,US2022133715A1
CHEMBL2103868,1.0,abstract,1,US2021332014A1
CHEMBL2103868,1.0,abstract,1,CN112638880A
CHEMBL1094636,1.0,abstract,1,MX2024000949A
CHEMBL4297185,1.0,abstract,1,TW202535366A
CHEMBL1229517,1.0,abstract,1,WO2025217328A1
CHEMBL223360,1.0,abstract,1,WO2025217328A1
CHEMBL3590106,1.0,abstract,1,JP2025123379A
CHEMBL2028663,1.0,abstract,1,US2025230151A1
CHEMBL1229517,1.0,abstract,1,CN119857100A
CHEMBL2028663,1.0,abstract,1,US2025108051A1
CHEMBL3301612,1.0,abstract,1,US2025108051A1
CHEMBL1201577,1.0,abstract,1,CN118767129A
CHEMBL3545419,1.0,abstract,1,AU2024276234A1
CHEMBL275638,1.0,abstract,1,CN121034785A
CHEMBL140,1.0,abstract,1,CN120960201A
CHEMBL941,1.0,abstract,1,CN120919058A
CHEMBL1642,1.0,abstract,1,CN120919058A
CHEMBL575060,1.0,abstract,1,CN120924480A
CHEMBL4559134,1.0,abstract,1,JP2025020140A
CHEMBL4559134,1.0,abstract,1,PH12022552748A1
CHEMBL4559134,1.0,abstract,1,MX2024007017A
CHEMBL1276127,1.0,abstract,1,MX2024001951A
CHEMBL4559134,1.0,abstract,1,AU2022416156A1
CHEMBL4535757,1.0,abstract,1,US20260069593A1
CHEMBL3707227,1.0,abstract,1,US20260069593A1
CHEMBL3137343,1.0,abstract,1,TW202543608A
CHEMBL4298138,1.0,abstract,1,KR20190077998A
CHEMBL1983268,1.0,abstract,1,KR20190077998A
CHEMBL1289926,1.0,abstract,1,US-2025235438-A1
CHEMBL1789842,1.0,abstract,1,WO-2023097610-A1
CHEMBL3348846,1.0,abstract,1,CN118236348A
CHEMBL413,1.0,abstract,1,NZ777582A
CHEMBL53463,1.0,abstract,1,EP-4333843-A1
CHEMBL477772,1.0,abstract,1,US2022218708A1
CHEMBL298406,1.0,abstract,1,EP-4616915-A2
CHEMBL53463,1.0,abstract,1,US-2024075015-A1
CHEMBL4303201,1.0,abstract,1,CN113768932A
CHEMBL4297522,1.0,abstract,1,CN120860030A
CHEMBL4297522,1.0,abstract,1,CN120737126A
CHEMBL3701238,1.0,abstract,1,CN120172981A
CHEMBL483158,1.0,abstract,1,CN120549940A
CHEMBL2105728,1.0,abstract,1,US2025305063A1
CHEMBL3137309,1.0,abstract,1,WO2025199359A1
CHEMBL2105728,1.0,abstract,1,US2025161293A1
CHEMBL576982,1.0,abstract,1,CN119431355A
CHEMBL2105728,1.0,abstract,1,US2025032475A1
CHEMBL877,1.0,abstract,1,US20260053788A1
CHEMBL262777,1.0,abstract,1,WO2026039544A1
CHEMBL1201631,1.0,abstract,1,WO2026026922A1
CHEMBL3989949,1.0,abstract,1,AU2024301186A1
CHEMBL275638,1.0,abstract,1,CN120360988A
CHEMBL45,1.0,abstract,1,EP-4633601-A1
CHEMBL1278146,1.0,abstract,1,TW202143960A
CHEMBL1278146,1.0,abstract,1,CN113855671A
CHEMBL1278146,1.0,abstract,1,WO2021238957A1
CHEMBL1201631,1.0,abstract,1,JP2025037913A
CHEMBL2396661,1.0,abstract,1,US20260000658A1
CHEMBL2396661,1.0,abstract,2,US2025339417A1
CHEMBL2396661,1.0,abstract,2,US2025295645A1
CHEMBL3353410,1.0,abstract,1,CN120643574A
CHEMBL4650215,1.0,abstract,1,JP2025106282A
CHEMBL2396661,1.0,abstract,2,WO2025228907A1
CHEMBL2396661,1.0,abstract,2,AU2024278598A1
CHEMBL4650215,1.0,abstract,1,WO2025122745A1
CHEMBL2007641,1.0,abstract,1,WO2025122745A1
CHEMBL1201585,1.0,abstract,1,WO2025122745A1
CHEMBL413,1.0,abstract,2,US2024423963A1
CHEMBL1236962,1.0,abstract,1,US2024366641A1
CHEMBL2396661,1.0,abstract,2,JP2024125429A
CHEMBL1201631,1.0,abstract,1,WO2025045915A1
CHEMBL2396661,1.0,abstract,1,WO2025045915A1
CHEMBL2396661,1.0,abstract,1,CN118477075A
CHEMBL2396661,1.0,abstract,1,CN118477076A
CHEMBL2396661,1.0,abstract,1,CN118021815A
CHEMBL2396661,1.0,abstract,2,EP4643858A1
CHEMBL4650215,1.0,abstract,2,MX2023006793A
CHEMBL2007641,1.0,abstract,1,MX2023006793A
CHEMBL1201585,1.0,abstract,1,MX2023006793A
CHEMBL4650215,1.0,abstract,1,JP2024001009A
CHEMBL4650215,1.0,abstract,2,US2023310455A1
CHEMBL2007641,1.0,abstract,1,US2023310455A1
CHEMBL1201585,1.0,abstract,1,US2023310455A1
CHEMBL2396661,1.0,abstract,1,WO2024028433A1
CHEMBL4650215,1.0,abstract,2,CA3204489A1
CHEMBL2007641,1.0,abstract,1,CA3204489A1
CHEMBL1201585,1.0,abstract,1,CA3204489A1
CHEMBL4650215,1.0,abstract,2,AU2021395248A1
CHEMBL2007641,1.0,abstract,1,AU2021395248A1
CHEMBL1201585,1.0,abstract,1,AU2021395248A1
CHEMBL4650521,1.0,abstract,1,US-12343344-B2
CHEMBL3545110,1.0,abstract,1,US-12343344-B2
CHEMBL2396661,1.0,abstract,1,WO2024008799A1
CHEMBL1236962,1.0,abstract,1,US2023141664A1
CHEMBL1201631,1.0,abstract,1,WO2023070023A1
CHEMBL1738757,1.0,abstract,1,EP4434524A1
CHEMBL4650215,1.0,abstract,2,TW202237136A
CHEMBL2007641,1.0,abstract,1,TW202237136A
CHEMBL1201585,1.0,abstract,1,TW202237136A
CHEMBL1201631,1.0,abstract,1,WO2023144235A1
CHEMBL2396661,1.0,abstract,1,WO2023144235A1
CHEMBL2396661,1.0,abstract,2,US2022323428A1
CHEMBL2396661,1.0,abstract,2,AU2022235569A1
CHEMBL1336,1.0,abstract,1,CN114959035A
CHEMBL3590106,1.0,abstract,1,EP4062917A1
CHEMBL83527,1.0,abstract,1,US-2022362233-A1
CHEMBL2396661,1.0,abstract,1,US2022047567A1
CHEMBL1614701,1.0,abstract,1,US2022047567A1
CHEMBL254328,1.0,abstract,1,CN120905211A
CHEMBL151,1.0,abstract,1,CN120267660A
CHEMBL151,1.0,abstract,1,CN119074876A
CHEMBL151,1.0,abstract,1,CN117838820A
CHEMBL150,1.0,abstract,1,CN117838820A
CHEMBL2177390,1.0,abstract,1,CA3134491A1
CHEMBL2177390,1.0,abstract,1,AU2020270908A1
CHEMBL1201631,1.0,abstract,1,US2022362227A1
CHEMBL140,1.0,abstract,1,US2022362227A1
CHEMBL1079175,1.0,abstract,1,US2018271870A1
CHEMBL2325741,1.0,abstract,1,US2018271870A1
CHEMBL1079175,1.0,abstract,1,WO2016109665A1
CHEMBL2325741,1.0,abstract,1,WO2016109665A1
CHEMBL592445,1.0,abstract,1,US20260053814A1
CHEMBL1236962,1.0,abstract,2,WO2026030331A1
CHEMBL413,1.0,abstract,1,US20260027145A1
CHEMBL413,1.0,abstract,1,US20260014124A1
CHEMBL1201631,1.0,abstract,1,US20260014164A1
CHEMBL1201631,1.0,abstract,1,US20260008828A1
CHEMBL521686,1.0,abstract,1,CN121102489A
CHEMBL413,1.0,abstract,1,CN121127477A
CHEMBL1201631,1.0,abstract,1,CN121015718A
CHEMBL413,1.0,abstract,1,CN121001721A
CHEMBL413,1.0,abstract,1,MX2025011888A
CHEMBL413,1.0,abstract,1,AU2025252583A1
CHEMBL413,1.0,abstract,1,CR20240382A
CHEMBL1201631,1.0,abstract,1,JP2025160313A
CHEMBL413,1.0,abstract,1,US2025325508A1
CHEMBL413,1.0,abstract,1,KR20250130423A
CHEMBL105442,1.0,abstract,1,WO2025193971A1
CHEMBL96,1.0,abstract,1,CN120617474A
CHEMBL3353410,1.0,abstract,1,WO2025184457A2
CHEMBL413,1.0,abstract,1,AU2025217324A1
CHEMBL413,1.0,abstract,1,NZ770290A
CHEMBL413,1.0,abstract,1,US2025249098A1
CHEMBL5416410,1.0,abstract,1,US2025249098A1
CHEMBL3707227,1.0,abstract,1,WO-2023247324-A1
CHEMBL413,1.0,abstract,1,MX2024013896A
CHEMBL5416410,1.0,abstract,1,MX2024013896A
CHEMBL386630,1.0,abstract,1,US2025205175A1
CHEMBL413,1.0,abstract,1,US2025205175A1
CHEMBL1503,1.0,abstract,1,US-12440566-B2
CHEMBL4650215,1.0,abstract,1,US20260041695A1
CHEMBL189963,1.0,abstract,1,US20260041695A1
CHEMBL91829,1.0,abstract,1,WO2026020038A1
CHEMBL2325741,1.0,abstract,1,IL324442A
CHEMBL2325741,1.0,abstract,1,AU2024269592A1
CHEMBL189963,1.0,abstract,1,AU2024269592A1
CHEMBL3545110,1.0,abstract,1,AU2024269592A1
CHEMBL3301610,1.0,abstract,1,AU2024269592A1
CHEMBL2325741,1.0,abstract,1,MX2025013257A
CHEMBL189963,1.0,abstract,1,MX2025013257A
CHEMBL3545110,1.0,abstract,1,MX2025013257A
CHEMBL3301610,1.0,abstract,1,MX2025013257A
CHEMBL4594557,1.0,abstract,1,US2025368714A1
CHEMBL189963,1.0,abstract,1,CN121057581A
CHEMBL3545110,1.0,abstract,1,CN121057581A
CHEMBL3545110,1.0,abstract,1,CN121013734A
CHEMBL3545110,1.0,abstract,1,MX2025011364A
CHEMBL189963,1.0,abstract,1,US2025332167A1
CHEMBL3301610,1.0,abstract,1,US2025332167A1
CHEMBL189963,1.0,abstract,1,CN120718221A
CHEMBL3545110,1.0,abstract,1,AU2024244511A1
CHEMBL3545110,1.0,abstract,1,CN120550132A
CHEMBL1201585,1.0,abstract,1,CN120550132A
CHEMBL4650521,1.0,abstract,1,AU2025203816A1
CHEMBL3545110,1.0,abstract,1,AU2025203816A1
CHEMBL2007641,1.0,abstract,1,US2025177364A1
CHEMBL1201585,1.0,abstract,1,US2025177364A1
CHEMBL3301610,1.0,abstract,1,US2025177364A1
CHEMBL189963,1.0,abstract,1,US2025177364A1
CHEMBL2325741,1.0,abstract,1,TW202508598A
CHEMBL189963,1.0,abstract,1,TW202508598A
CHEMBL3545110,1.0,abstract,1,TW202508598A
CHEMBL3301610,1.0,abstract,1,TW202508598A
CHEMBL384467,1.0,abstract,1,WO2025162246A1
CHEMBL28,1.0,abstract,1,CN118948831A
CHEMBL150,1.0,abstract,1,CN118948831A
CHEMBL51483,1.0,abstract,1,CN117298281A
CHEMBL8260,1.0,abstract,1,CN117298281A
CHEMBL189963,1.0,abstract,1,WO2023078906A1
CHEMBL189963,1.0,abstract,1,CN114907337A
CHEMBL275638,1.0,abstract,1,CN118598838A
CHEMBL428690,1.0,abstract,1,WO2022210644A1
CHEMBL445813,1.0,abstract,1,WO2022210644A1
CHEMBL3545283,1.0,abstract,1,WO2022210644A1
CHEMBL667,1.0,abstract,1,KR20180028391A
CHEMBL3545262,1.0,abstract,1,AU2025202230A1
CHEMBL1094636,1.0,abstract,1,US2024325369A1
CHEMBL1094636,1.0,abstract,1,AU2022314934A1
CHEMBL1094636,1.0,abstract,1,WO2023001746A1
CHEMBL3545262,1.0,abstract,1,US2021316003A1
CHEMBL3545262,1.0,abstract,1,WO2021188896A1
CHEMBL521686,1.0,abstract,1,CN120590386A
CHEMBL521686,1.0,abstract,1,CN116102534A
CHEMBL521686,1.0,abstract,1,WO2023046034A1
CHEMBL575060,1.0,abstract,1,WO-2025186317-A8
CHEMBL5416410,1.0,abstract,1,WO-2018084053-A1
CHEMBL3707227,1.0,abstract,1,JP2025131691A
CHEMBL3707227,1.0,abstract,1,JP2025131692A
CHEMBL3301587,1.0,abstract,1,JP2023166474A
CHEMBL3707227,1.0,abstract,1,US2022195046A1
CHEMBL3707227,1.0,abstract,1,US2022041733A1
CHEMBL3707227,1.0,abstract,1,CN113891748A
CHEMBL3707227,1.0,abstract,1,CN113677402A
CHEMBL3137343,1.0,abstract,1,US2020325229A1
CHEMBL3137343,1.0,abstract,1,CN111479932A
CHEMBL3707227,1.0,abstract,1,WO2020198676A1
CHEMBL3707227,1.0,abstract,1,WO2020198672A1
CHEMBL3707227,1.0,abstract,1,CN109963572A
CHEMBL3137343,1.0,abstract,1,WO2019070204A1
CHEMBL2403108,1.0,abstract,1,AU2018250507A1
CHEMBL3707227,1.0,abstract,1,WO2018057506A1
CHEMBL3707227,1.0,abstract,1,GB2535256A
CHEMBL3301587,1.0,abstract,2,GB2535256A
CHEMBL2108658,1.0,abstract,1,GB2535256A
CHEMBL3707227,1.0,abstract,1,AU2024286132A1
CHEMBL3707227,1.0,abstract,1,MX2025014586A
CHEMBL3137343,1.0,abstract,1,CN120529917A
CHEMBL592445,1.0,abstract,1,WO-2025128712-A1
CHEMBL3707227,1.0,abstract,1,TW202513094A
CHEMBL3707227,1.0,abstract,1,WO2025247197A1
CHEMBL3137343,1.0,abstract,1,JP2024156880A
CHEMBL4303201,1.0,abstract,1,CN118576597A
CHEMBL2035187,1.0,abstract,1,CN117379549A
CHEMBL3137309,1.0,abstract,1,US2025375442A1
CHEMBL3137309,1.0,abstract,1,MX2025004038A
CHEMBL3137309,1.0,abstract,1,WO2025237908A1
CHEMBL3137309,1.0,abstract,1,WO2025085792A1
CHEMBL3137309,1.0,abstract,1,AU2023355736A1
CHEMBL443684,1.0,abstract,1,US2024415852A1
CHEMBL3137309,1.0,abstract,1,TW202430210A
CHEMBL575060,1.0,abstract,1,US2024016905A1
CHEMBL3137309,1.0,abstract,1,WO2024074498A1
CHEMBL1112,1.0,abstract,1,WO2025181652A1
CHEMBL1944698,1.0,abstract,1,NZ746933A
CHEMBL189963,1.0,abstract,1,CN118453611A
CHEMBL4298050,1.0,abstract,1,US2024287182A1
CHEMBL3707227,1.0,abstract,1,US2024287182A1
CHEMBL941,1.0,abstract,1,CN113476466A
CHEMBL3137309,1.0,abstract,1,US-2021386763-A1
CHEMBL3137343,1.0,abstract,1,US-2025302950-A1
CHEMBL140,1.0,abstract,1,CN117503764A
CHEMBL5416410,1.0,abstract,1,CN117503764A
CHEMBL3545307,1.0,abstract,1,US2023124475A1
CHEMBL941,1.0,abstract,1,CN115192601A
CHEMBL941,1.0,abstract,1,CN114984031A
CHEMBL941,1.0,abstract,1,CN113476444A
CHEMBL941,1.0,abstract,1,CN113476518A
CHEMBL5416410,1.0,abstract,1,US2025101015A1
CHEMBL5416410,1.0,abstract,1,US2025084076A1
CHEMBL59,1.0,abstract,1,JP2024123210A
CHEMBL5416410,1.0,abstract,1,MX2021004568A
CHEMBL575060,1.0,abstract,1,WO2022016740A1
CHEMBL5416410,1.0,abstract,1,US2021387982A1
CHEMBL5416410,1.0,abstract,1,US2021379067A1
CHEMBL5416410,1.0,abstract,1,US2021179602A1
CHEMBL5416410,1.0,abstract,1,CN112955447A
CHEMBL5416410,1.0,abstract,1,CA3116674A1
CHEMBL5416410,1.0,abstract,1,AU2019368654A1
CHEMBL575060,1.0,abstract,1,CN111840252A
CHEMBL5416410,1.0,abstract,1,WO2020083926A1
CHEMBL5416410,1.0,abstract,1,WO2020083909A1
CHEMBL5416410,1.0,abstract,1,WO2019202160A2
CHEMBL5416410,1.0,abstract,1,EP3643713A1
CHEMBL388978,1.0,abstract,1,US2025387404A1
CHEMBL1201631,1.0,abstract,1,WO2025240566A1
CHEMBL571546,1.0,abstract,1,AU2025202271A1
CHEMBL1536,1.0,abstract,1,AU2025202271A1
CHEMBL5416410,1.0,abstract,1,PH12022552813A1
CHEMBL5416410,1.0,abstract,1,EP4552631A2
CHEMBL4594350,1.0,abstract,1,EP4552631A2
CHEMBL1201581,1.0,abstract,1,CN119074917A
CHEMBL53463,1.0,abstract,1,CN118845789A
CHEMBL5416410,1.0,abstract,1,CN118649166A
CHEMBL4650279,1.0,abstract,1,CN118649167A
CHEMBL5416410,1.0,abstract,1,CN118649167A
CHEMBL219916,1.0,abstract,1,CN106580985A
CHEMBL3707227,1.0,abstract,1,WO-2025185161-A8
CHEMBL3137343,1.0,abstract,1,AU2024332669A1
CHEMBL3701238,1.0,abstract,1,AU2024332669A1
CHEMBL3707227,1.0,abstract,1,TW202544031A
CHEMBL3137343,1.0,abstract,1,US20260000760A1
CHEMBL3707227,1.0,abstract,1,CN121241067A
CHEMBL3701238,1.0,abstract,1,CN120795173A
CHEMBL154,1.0,abstract,1,EP-4622954-A1
CHEMBL140,1.0,abstract,1,EP-4619376-A2
CHEMBL245412,1.0,abstract,1,EP-4619376-A2
CHEMBL28,1.0,abstract,1,CN112843049A
CHEMBL150,1.0,abstract,1,CN112843049A
CHEMBL1094636,1.0,abstract,1,JP2023096027A
CHEMBL1094636,1.0,abstract,1,NZ749413A
CHEMBL3707227,1.0,abstract,1,CA3158900A1
CHEMBL521686,1.0,abstract,1,CN114685641A
CHEMBL19449,1.0,abstract,1,GB2700514A
CHEMBL1082407,1.0,abstract,1,CA3130929A1
CHEMBL1094636,1.0,abstract,1,MX2020006866A
CHEMBL3707227,1.0,abstract,1,US2021220488A1
CHEMBL1094636,1.0,abstract,1,US2021106574A1
CHEMBL3707227,1.0,abstract,1,WO2021146213A1
CHEMBL187266,1.0,abstract,1,CN118986998A
CHEMBL631,1.0,abstract,1,CN118743695A
CHEMBL2062163,1.0,abstract,1,CN117946014A
CHEMBL5314341,1.0,abstract,1,US-2025325536-A1
CHEMBL3707227,1.0,abstract,1,WO2026015612A1
CHEMBL413,1.0,abstract,1,US-2025319186-A1
CHEMBL5416410,1.0,abstract,1,US-2025319186-A1
CHEMBL554,1.0,abstract,1,US-2025319186-A1
CHEMBL98,1.0,abstract,1,US-2025319186-A1
CHEMBL941,1.0,abstract,1,US-2025319186-A1
CHEMBL601719,1.0,abstract,1,US-2025319186-A1
CHEMBL1336,1.0,abstract,1,US-2025319186-A1
CHEMBL1536,1.0,abstract,1,CN110511911A
CHEMBL112,1.0,abstract,1,CN114832109A
CHEMBL4068611,1.0,abstract,1,WO2020132046A1
CHEMBL3707227,1.0,abstract,1,KR20250133603A
CHEMBL3707227,1.0,abstract,1,WO2025183487A1
CHEMBL4297610,1.0,abstract,1,AU2024294949A1
CHEMBL3137309,1.0,abstract,1,AU2024294949A1
CHEMBL3186011,1.0,abstract,1,US-2022096508-A1
CHEMBL4297610,1.0,abstract,1,WO2025188644A1
CHEMBL1944698,1.0,abstract,1,CN119997940A
CHEMBL1944698,1.0,abstract,2,WO2024031406A1
CHEMBL3989958,1.0,abstract,1,CN116808034A
CHEMBL4285417,1.0,abstract,2,CN119656177A
CHEMBL571546,1.0,abstract,1,WO2024252126A1
CHEMBL3137343,1.0,abstract,1,TW202517295A
CHEMBL3701238,1.0,abstract,1,TW202517295A
CHEMBL3707227,1.0,abstract,1,MX2025002382A
CHEMBL190461,1.0,abstract,1,EP-4577198-A1
CHEMBL5095292,1.0,abstract,1,CN120536580A
CHEMBL413,1.0,abstract,1,US2024299432A1
CHEMBL1336,1.0,abstract,1,CN118490831A
CHEMBL413,1.0,abstract,1,US2023277574A1
CHEMBL2108336,1.0,abstract,1,US-2025319163-A1
CHEMBL1201631,1.0,abstract,1,US-2025319163-A1
CHEMBL1201497,1.0,abstract,2,US-2025319163-A1
CHEMBL1201631,1.0,abstract,1,CN115252631A
CHEMBL187266,1.0,abstract,1,US-2024285660-A1
CHEMBL1466,1.0,abstract,1,US-2024285660-A1
CHEMBL275638,1.0,abstract,1,US-2024285660-A1
CHEMBL4298050,1.0,abstract,1,TW202515614A
CHEMBL3707227,1.0,abstract,1,TW202515614A
CHEMBL12,1.0,abstract,1,WO2025120120A1
CHEMBL150,1.0,abstract,1,CN116474037A
CHEMBL939,1.0,abstract,1,GB2584441A
CHEMBL554,1.0,abstract,1,GB2584441A
CHEMBL1173655,1.0,abstract,1,US-2025312348-A1
CHEMBL1201577,1.0,abstract,1,WO-2025188669-A8
CHEMBL140,1.0,abstract,1,US-12427198-B2
CHEMBL553,1.0,abstract,1,US-12427198-B2
CHEMBL1201631,1.0,abstract,1,US-12421232-B2
CHEMBL2146883,1.0,abstract,1,US-12419879-B2
CHEMBL1201577,1.0,abstract,1,US-12421294-B2
CHEMBL3353410,1.0,abstract,1,WO-2025192799-A1
CHEMBL44657,1.0,abstract,1,WO-2025192799-A1
CHEMBL1201585,1.0,abstract,1,EP-4615990-A1
CHEMBL1201827,1.0,abstract,1,EP-4615990-A1
CHEMBL2105728,1.0,abstract,1,US-2025305063-A1
CHEMBL1201577,1.0,abstract,1,WO-2025188669-A1
CHEMBL1615025,1.0,abstract,1,US-2025281493-A1
CHEMBL1236682,1.0,abstract,2,US-2025281493-A1
CHEMBL2146883,1.0,abstract,1,US-2025281493-A1
CHEMBL3187723,1.0,abstract,1,US-2025281493-A1
CHEMBL1614701,1.0,abstract,1,US-2025281493-A1
CHEMBL3353410,1.0,abstract,1,WO-2025184457-A2
CHEMBL1201577,1.0,abstract,1,US-2025275978-A1
CHEMBL38380,1.0,abstract,1,US-2025268911-A1
CHEMBL3707227,1.0,abstract,1,US-2025270317-A1
CHEMBL3137309,1.0,abstract,1,WO-2025199359-A1
CHEMBL4650215,1.0,abstract,1,US2025127796A1
CHEMBL4297774,1.0,abstract,1,US-2025257139-A1
CHEMBL4650281,1.0,abstract,1,WO-2025167588-A1
CHEMBL4297723,1.0,abstract,1,EP-4598634-A1
CHEMBL413,1.0,abstract,1,US-2025249098-A1
CHEMBL5416410,1.0,abstract,1,US-2025249098-A1
CHEMBL1201827,1.0,abstract,1,EP-4593831-A1
CHEMBL4297774,1.0,abstract,1,WO-2025158277-A1
CHEMBL4297774,1.0,abstract,1,WO-2025153988-A1
CHEMBL1201585,1.0,abstract,1,US-2025325666-A1
CHEMBL2007641,1.0,abstract,1,US-2025325666-A1
CHEMBL2007641,1.0,abstract,1,EP-4635572-A2
CHEMBL1201585,1.0,abstract,1,EP-4635572-A2
CHEMBL3301610,1.0,abstract,1,US-2025319084-A1
CHEMBL1201585,1.0,abstract,2,US-12427193-B2
CHEMBL2007641,1.0,abstract,1,US-12427193-B2
CHEMBL1743082,1.0,abstract,1,US-12427193-B2
CHEMBL1466,1.0,abstract,1,WO-2022232243-A1
CHEMBL275638,1.0,abstract,1,WO-2022232243-A1
CHEMBL1201585,1.0,abstract,1,EP-4613334-A2
CHEMBL1201585,1.0,abstract,1,US-12410261-B2
CHEMBL1201585,1.0,abstract,1,US-12392777-B2
CHEMBL221959,1.0,abstract,1,US-12364696-B2
CHEMBL91829,1.0,abstract,1,US-2025228821-A1
CHEMBL1201631,1.0,abstract,1,US-2025223373-A1
CHEMBL2105728,1.0,abstract,1,US-12404555-B2
CHEMBL14346,1.0,abstract,1,WO-2025186604-A8
CHEMBL35,1.0,abstract,1,WO-2025185127-A8
CHEMBL39,1.0,abstract,1,WO-2025137342-A3
CHEMBL1112,1.0,abstract,1,WO-2025189654-A1
CHEMBL39,1.0,abstract,1,WO-2025193111-A1
CHEMBL103,1.0,abstract,1,CN120888001A
CHEMBL262777,1.0,abstract,1,US-12415819-B2
CHEMBL5416410,1.0,abstract,1,EP-4552631-A3
CHEMBL4594350,1.0,abstract,1,EP-4552631-A3
CHEMBL4130229,1.0,abstract,1,EP-4577213-A1
CHEMBL5416410,1.0,abstract,1,EP-4572793-A1
CHEMBL1615025,1.0,abstract,1,US-12336997-B2
CHEMBL1236682,1.0,abstract,2,US-12336997-B2
CHEMBL2146883,1.0,abstract,1,US-12336997-B2
CHEMBL3187723,1.0,abstract,1,US-12336997-B2
CHEMBL1614701,1.0,abstract,1,US-12336997-B2
CHEMBL3186011,1.0,abstract,1,US2025332150A1
CHEMBL4650333,1.0,abstract,1,EP-4568692-A1
CHEMBL38380,1.0,abstract,1,US-12329761-B2
CHEMBL1789941,1.0,abstract,1,WO-2025121754-A1
CHEMBL221959,1.0,abstract,1,WO-2025121754-A1
CHEMBL189963,1.0,abstract,1,US-2025177401-A1
CHEMBL3301610,1.0,abstract,1,US-2025177401-A1
CHEMBL3545110,1.0,abstract,1,US-2025177401-A1
CHEMBL535,1.0,abstract,1,US-2025177401-A1
CHEMBL1336,1.0,abstract,1,US-2025177401-A1
CHEMBL477772,1.0,abstract,1,US-2025177401-A1
CHEMBL443684,1.0,abstract,1,US-2025177420-A1
CHEMBL3137309,1.0,abstract,1,US-2025177420-A1
CHEMBL3137309,1.0,abstract,1,WO2025162252A1
CHEMBL1201631,1.0,abstract,1,US-12441754-B2
CHEMBL5314341,1.0,abstract,1,US-12441739-B2
CHEMBL93,1.0,abstract,1,US-12440488-B2
CHEMBL814,1.0,abstract,1,US-12440488-B2
CHEMBL362558,1.0,abstract,1,US-12440497-B2
CHEMBL4068611,1.0,abstract,1,US-12440487-B2
CHEMBL1201631,1.0,abstract,1,US-2025319196-A1
CHEMBL3707227,1.0,abstract,1,WO-2025213154-A1
CHEMBL1112,1.0,abstract,1,US-2025312334-A1
CHEMBL2028663,1.0,abstract,1,US-2025230151-A1
CHEMBL413,1.0,abstract,1,US-2025195435-A1
CHEMBL3301622,1.0,abstract,1,WO-2025132479-A1
CHEMBL1094636,1.0,abstract,1,EP-3731866-A1
CHEMBL3137309,1.0,abstract,1,WO-2020176686-A1
CHEMBL3186011,1.0,abstract,1,WO-2020160813-A1
CHEMBL4068611,1.0,abstract,1,US-2020197381-A1
CHEMBL413,1.0,abstract,1,US-2024058308-A1
CHEMBL575060,1.0,abstract,1,US-2025326794-A1
CHEMBL28,1.0,abstract,1,CN120189406A
CHEMBL59,1.0,abstract,1,US-2025319074-A1
CHEMBL2178422,1.0,abstract,1,EP-4631944-A2
CHEMBL83527,1.0,abstract,1,US-11426398-B2
CHEMBL1789941,1.0,abstract,1,US-2025325549-A1
CHEMBL1536,1.0,abstract,1,US-2025325563-A1
CHEMBL3545094,1.0,abstract,1,US-2025325563-A1
CHEMBL1009,1.0,abstract,1,US-2025325507-A1
CHEMBL1200748,1.0,abstract,1,US-2025325507-A1
CHEMBL190461,1.0,abstract,1,US-2025325568-A1
CHEMBL1112,1.0,abstract,1,US-2025325541-A1
CHEMBL1009,1.0,abstract,1,US-2025325506-A1
CHEMBL1200748,1.0,abstract,1,US-2025325506-A1
CHEMBL1096979,1.0,abstract,1,US-2025325506-A1
CHEMBL413,1.0,abstract,1,US-2025325508-A1
CHEMBL1069,1.0,abstract,1,US-2025325518-A1
CHEMBL3707227,1.0,abstract,1,US-2025326848-A1
CHEMBL1057,1.0,abstract,1,US-2025326723-A1
CHEMBL1568698,1.0,abstract,1,US-2025325562-A1
CHEMBL103,1.0,abstract,1,US-12415829-B2
CHEMBL83527,1.0,abstract,1,EP-3307754-A1
CHEMBL1112,1.0,abstract,1,US-2025312333-A1
CHEMBL3137343,1.0,abstract,1,WO-2025203012-A1
CHEMBL3137343,1.0,abstract,1,WO-2025202971-A1
CHEMBL194378,1.0,abstract,1,US-2025325533-A1
CHEMBL4297723,1.0,abstract,1,US-2025326846-A1
CHEMBL1200511,1.0,abstract,1,US-2025325555-A1
CHEMBL667,1.0,abstract,1,US-2025325614-A1
CHEMBL3991065,1.0,abstract,1,US-2025325532-A1
CHEMBL2108738,1.0,abstract,1,US2025339522A1
CHEMBL1289926,1.0,abstract,1,CN114702450A
CHEMBL4297392,1.0,abstract,1,CN120131644A
CHEMBL53463,1.0,abstract,1,CN120040371A
CHEMBL1201631,1.0,abstract,1,US-2025325580-A1
CHEMBL294199,1.0,abstract,1,CN117899061A
CHEMBL1201833,1.0,abstract,1,EP-4596046-A3
CHEMBL370805,1.0,abstract,1,US-2025325500-A1
CHEMBL39,1.0,abstract,1,US-2025325516-A1
CHEMBL4297610,1.0,abstract,1,US2025275956A1
CHEMBL194378,1.0,abstract,1,US-2025325571-A1
CHEMBL1921847,1.0,abstract,1,US-2025325515-A1
CHEMBL4297610,1.0,abstract,1,WO2025014784A1
CHEMBL3137309,1.0,abstract,1,WO2025014784A1
CHEMBL5314341,1.0,abstract,1,EP-4633632-A1
CHEMBL2364605,1.0,abstract,1,EP-4633628-A1
CHEMBL110458,1.0,abstract,1,EP-4635496-A1
CHEMBL1236962,1.0,abstract,1,WO2021231814A1
CHEMBL140,1.0,abstract,1,CN120284947A
CHEMBL535,1.0,abstract,1,US-2025242037-A1
CHEMBL1201585,1.0,abstract,1,US-2025277053-A1
CHEMBL2007641,1.0,abstract,1,US-2025277053-A1
CHEMBL1201585,1.0,abstract,1,EP-4257150-A8
CHEMBL2007641,1.0,abstract,1,EP-4257150-A8
CHEMBL1743082,1.0,abstract,1,EP-4257150-A8
CHEMBL5416410,1.0,abstract,1,US-12433891-B2
CHEMBL301982,1.0,abstract,1,EP-4618964-A1
CHEMBL39,1.0,abstract,1,EP-4618981-A1
CHEMBL68253,1.0,abstract,1,US-12419890-B2
CHEMBL1200689,1.0,abstract,1,US-2025325611-A1
CHEMBL483465,1.0,abstract,1,US-2025325517-A1
CHEMBL554,1.0,abstract,1,US-2025325681-A1
CHEMBL53463,1.0,abstract,1,US-2025325681-A1
CHEMBL386630,1.0,abstract,1,US-2025325560-A1
CHEMBL1201631,1.0,abstract,1,WO-2025193537-A1
CHEMBL1201631,1.0,abstract,1,EP-4595969-A3
CHEMBL4297185,1.0,abstract,1,WO-2025146444-A1
CHEMBL2028663,1.0,abstract,1,WO-2025132388-A2
CHEMBL140,1.0,abstract,1,US-2025325499-A1
CHEMBL1921847,1.0,abstract,1,US-2025326714-A1
CHEMBL109,1.0,abstract,2,US-2025302781-A1
CHEMBL2105613,1.0,abstract,1,US-2025302781-A1
CHEMBL433,1.0,abstract,1,US-2025302781-A1
CHEMBL511142,1.0,abstract,1,EP-4615442-A1
CHEMBL86304,1.0,abstract,1,EP-4633638-A1
CHEMBL1201631,1.0,abstract,1,EP-4634212-A1
CHEMBL3137309,1.0,abstract,1,US-2025319183-A1
CHEMBL1743070,1.0,abstract,1,WO-2025217380-A1
CHEMBL221959,1.0,abstract,1,WO-2025177055-A9
CHEMBL21485,1.0,abstract,1,EP-4633662-A1
CHEMBL190461,1.0,abstract,1,EP-4635484-A1
CHEMBL3137320,1.0,abstract,1,EP-4633629-A1
CHEMBL1082407,1.0,abstract,1,EP-4633629-A1
CHEMBL3935857,1.0,abstract,1,EP-4635499-A1
CHEMBL118,1.0,abstract,1,US-12447143-B2
CHEMBL483158,1.0,abstract,1,US-2025268909-A1
CHEMBL14370,1.0,abstract,1,US-12447155-B2
CHEMBL180101,1.0,abstract,1,US-12447155-B2
CHEMBL2356097,1.0,abstract,2,EP-4578510-A3
CHEMBL4535757,1.0,abstract,1,EP-4593837-A1
CHEMBL294199,1.0,abstract,1,US-2025312273-A1
CHEMBL256087,1.0,abstract,1,US-2025312273-A1
CHEMBL836,1.0,abstract,1,US-2025302780-A1
CHEMBL151,1.0,abstract,1,WO-2025185180-A8
CHEMBL1064,1.0,abstract,1,WO-2025185660-A8
CHEMBL190461,1.0,abstract,1,US-2025302849-A1
CHEMBL5314341,1.0,abstract,1,EP-4623929-A2
CHEMBL2219422,1.0,abstract,1,US-2025177352-A1
CHEMBL3707227,1.0,abstract,1,US-2025177352-A1
CHEMBL413,1.0,abstract,1,US-2025295841-A1
CHEMBL5314341,1.0,abstract,1,WO-2025196507-A1
CHEMBL53463,1.0,abstract,1,EP-4618989-A1
CHEMBL1201631,1.0,abstract,1,EP-4619004-A2
CHEMBL301982,1.0,abstract,1,US-12419849-B2
CHEMBL1536,1.0,abstract,1,WO-2025191291-A1
CHEMBL384467,1.0,abstract,1,WO-2025193210-A1
CHEMBL4535757,1.0,abstract,1,EP-4623999-A2
CHEMBL4535757,1.0,abstract,1,US-2025295665-A1
CHEMBL1200761,1.0,abstract,1,US-2025295665-A1
CHEMBL2108738,1.0,abstract,1,US-2025268900-A1
CHEMBL4535757,1.0,abstract,1,US-2025262211-A1
CHEMBL14370,1.0,abstract,1,WO-2025207664-A1
CHEMBL180101,1.0,abstract,2,WO-2025207664-A1
CHEMBL140,1.0,abstract,1,EP-4615438-A1
CHEMBL1536,1.0,abstract,1,EP-4615255-A1
CHEMBL2396661,1.0,abstract,2,US-2025295645-A1
CHEMBL4650215,1.0,abstract,1,WO-2025122745-A1
CHEMBL2007641,1.0,abstract,1,WO-2025122745-A1
CHEMBL1201585,1.0,abstract,1,WO-2025122745-A1
CHEMBL2396661,1.0,abstract,1,EP-4565217-A1
CHEMBL413,1.0,abstract,1,US-12414980-B2
CHEMBL3306803,1.0,abstract,1,US-12409176-B2
CHEMBL413,1.0,abstract,1,US-12383538-B2
CHEMBL1201631,1.0,abstract,1,US-12358963-B2
CHEMBL413,1.0,abstract,1,US-12344619-B2
CHEMBL386630,1.0,abstract,1,US-2025205175-A1
CHEMBL413,1.0,abstract,1,US-2025205175-A1
CHEMBL413,1.0,abstract,1,WO-2025129108-A1
CHEMBL384467,1.0,abstract,1,WO-2025162246-A1
CHEMBL1738757,1.0,abstract,1,US-2025179499-A1
CHEMBL1698,1.0,abstract,1,US-2025319043-A1
CHEMBL1256818,1.0,abstract,1,US-2025319043-A1
CHEMBL39,1.0,abstract,1,US-2025319069-A1
CHEMBL1009,1.0,abstract,1,EP-4631499-A1
CHEMBL1789941,1.0,abstract,1,US-12440495-B2
CHEMBL1201631,1.0,abstract,1,US-2025320301-A1
CHEMBL1743070,1.0,abstract,1,WO-2025217256-A1
CHEMBL384467,1.0,abstract,1,EP-4588484-A3
CHEMBL3137343,1.0,abstract,1,EP-4626446-A1
CHEMBL1201631,1.0,abstract,1,US-2025306028-A1
CHEMBL3707227,1.0,abstract,1,WO-2025185656-A8
CHEMBL575060,1.0,abstract,1,WO-2025186316-A8
CHEMBL3137309,1.0,abstract,1,WO-2025162252-A1
CHEMBL3186011,1.0,abstract,1,WO-2023099929-A1
CHEMBL3545262,1.0,abstract,1,EP-4121564-A1
CHEMBL521686,1.0,abstract,1,WO-2022100608-A1
CHEMBL1094636,1.0,abstract,1,WO-2022100608-A1
CHEMBL3137320,1.0,abstract,1,WO-2022100608-A1
CHEMBL506871,1.0,abstract,1,WO-2022100608-A1
CHEMBL477772,1.0,abstract,1,WO-2022100608-A1
CHEMBL491473,1.0,abstract,1,WO-2022100608-A1
CHEMBL1336,1.0,abstract,1,WO-2022100608-A1
CHEMBL535,1.0,abstract,1,WO-2022100608-A1
CHEMBL1289926,1.0,abstract,1,WO-2022100608-A1
CHEMBL4303201,1.0,abstract,1,WO-2022100608-A1
CHEMBL3137309,1.0,abstract,1,US-2022133715-A1
CHEMBL4068611,1.0,abstract,1,US-11234971-B2
CHEMBL3545262,1.0,abstract,1,US-2021316003-A1
CHEMBL3545262,1.0,abstract,1,WO-2021188896-A1
CHEMBL1094636,1.0,abstract,1,US-2021106574-A1
CHEMBL3137309,1.0,abstract,1,WO-2025085792-A1
CHEMBL3137309,1.0,abstract,1,WO-2025080282-A1
CHEMBL254328,1.0,abstract,1,US-12257254-B2
CHEMBL3183409,1.0,abstract,1,US-12257254-B2
CHEMBL443684,1.0,abstract,1,US-2024415852-A1
CHEMBL3137309,1.0,abstract,1,WO-2024074498-A1
CHEMBL3137309,1.0,abstract,1,EP-4249513-A3
CHEMBL3137309,1.0,abstract,1,EP-4249513-A2
CHEMBL3137309,1.0,abstract,1,EP-4175644-A1
CHEMBL254328,1.0,abstract,1,US-2023066999-A1
CHEMBL3183409,1.0,abstract,1,US-2023066999-A1
CHEMBL254328,1.0,abstract,1,US-11291669-B2
CHEMBL3183409,1.0,abstract,1,US-11291669-B2
CHEMBL3137309,1.0,abstract,1,WO-2022008464-A1
CHEMBL3137309,1.0,abstract,1,EP-3897647-A1
CHEMBL254328,1.0,abstract,1,US-2021069200-A1
CHEMBL3183409,1.0,abstract,1,US-2021069200-A1
CHEMBL254328,1.0,abstract,1,US-2020316062-A1
CHEMBL3183409,1.0,abstract,1,US-2020316062-A1
CHEMBL3137309,1.0,abstract,1,WO-2020128894-A1
CHEMBL254328,1.0,abstract,1,US-10668077-B2
CHEMBL3183409,1.0,abstract,1,US-10668077-B2
CHEMBL254328,1.0,abstract,1,EP-3463348-A1
CHEMBL3183409,1.0,abstract,1,EP-3463348-A1
CHEMBL254328,1.0,abstract,1,US-2018243313-A1
CHEMBL3183409,1.0,abstract,1,US-2018243313-A1
CHEMBL445813,1.0,abstract,1,US-2025236607-A1
CHEMBL428690,1.0,abstract,1,US-12338261-B2
CHEMBL445813,1.0,abstract,1,EP-4499148-A1
CHEMBL3623290,1.0,abstract,1,WO-2024215467-A9
CHEMBL3301610,1.0,abstract,1,WO-2024249155-A1
CHEMBL3623290,1.0,abstract,1,WO-2024215467-A1
CHEMBL1200511,1.0,abstract,1,US-12115146-B2
CHEMBL189963,1.0,abstract,1,US-12115146-B2
CHEMBL3545110,1.0,abstract,1,US-12115146-B2
CHEMBL3707266,1.0,abstract,1,US-12115146-B2
CHEMBL3301610,1.0,abstract,1,US-12115146-B2
CHEMBL1201585,1.0,abstract,2,US-12115146-B2
CHEMBL1743082,1.0,abstract,2,US-12115146-B2
CHEMBL2007641,1.0,abstract,2,US-12115146-B2
CHEMBL554,1.0,abstract,1,US-12115146-B2
CHEMBL180022,1.0,abstract,1,US-12115146-B2
CHEMBL3989921,1.0,abstract,1,US-12115146-B2
CHEMBL521686,1.0,abstract,2,US-12115146-B2
CHEMBL189963,1.0,abstract,1,WO-2024201340-A1
CHEMBL355001,1.0,abstract,1,WO-2023240024-A1
CHEMBL445813,1.0,abstract,1,WO-2023192534-A1
CHEMBL413,1.0,abstract,1,US-11135224-B2
CHEMBL413,1.0,abstract,1,US-2020197400-A1
CHEMBL4297843,1.0,abstract,1,WO-2025123287-A1
CHEMBL1200865,1.0,abstract,1,WO-2018112409-A1
CHEMBL83527,1.0,abstract,1,US-12109206-B2
CHEMBL83527,1.0,abstract,1,US-2018353497-A1
CHEMBL2325741,1.0,abstract,1,EP-4630002-A1
CHEMBL1200436,1.0,abstract,1,US-2025295673-A1
CHEMBL1479,1.0,abstract,1,US-2025295673-A1
CHEMBL2079587,1.0,abstract,1,US-2025295673-A1
CHEMBL103,1.0,abstract,1,US-2025288678-A1
CHEMBL3301610,1.0,abstract,1,US-2025268899-A1
CHEMBL1201631,1.0,abstract,1,EP-4598547-A1
CHEMBL3707227,1.0,abstract,1,WO-2025163468-A1
CHEMBL4297584,1.0,abstract,1,US-2025241923-A1
CHEMBL103,1.0,abstract,1,US-12364761-B2
CHEMBL275638,1.0,abstract,1,WO-2025150715-A1
CHEMBL3353410,1.0,abstract,1,WO-2025150715-A1
CHEMBL53463,1.0,abstract,1,WO-2025109043-A3
CHEMBL1201585,1.0,abstract,1,US-2025215111-A1
CHEMBL3545110,1.0,abstract,1,WO-2025144118-A1
CHEMBL4297843,1.0,abstract,1,WO-2025124556-A1
CHEMBL4650215,1.0,abstract,1,WO-2025122470-A1
CHEMBL189963,1.0,abstract,1,WO-2025122470-A1
CHEMBL1082407,1.0,abstract,1,WO-2025122482-A1
CHEMBL5095036,1.0,abstract,1,EP-4565238-A1
CHEMBL3137343,1.0,abstract,1,US-12324841-B2
CHEMBL4650215,1.0,abstract,1,US-2025177414-A1
CHEMBL189963,1.0,abstract,1,US-2025177414-A1
CHEMBL103,1.0,abstract,1,WO-2025117928-A1
CHEMBL1536,1.0,abstract,1,WO-2025117575-A1
CHEMBL2007641,1.0,abstract,1,US-2025177364-A1
CHEMBL1201585,1.0,abstract,1,US-2025177364-A1
CHEMBL3301610,1.0,abstract,1,US-2025177364-A1
CHEMBL189963,1.0,abstract,1,US-2025177364-A1
CHEMBL53463,1.0,abstract,1,WO-2025109043-A2
CHEMBL3707227,1.0,abstract,1,US-2025066480-A1
CHEMBL1201631,1.0,abstract,1,US-2025064843-A1
CHEMBL1200689,1.0,abstract,1,US-2025064843-A1
CHEMBL3707227,1.0,abstract,1,EP-4380694-A1
CHEMBL3187723,1.0,abstract,1,WO-2023196412-A1
CHEMBL3707227,1.0,abstract,1,WO-2023015162-A1
CHEMBL2146883,1.0,abstract,1,US-2022339111-A1
CHEMBL2146883,1.0,abstract,1,EP-3881833-A1
CHEMBL1201631,1.0,abstract,1,EP-3750530-A1
CHEMBL413,1.0,abstract,1,EP-3750530-A1
CHEMBL2146883,1.0,abstract,1,US-2020085749-A1
CHEMBL2146883,1.0,abstract,1,US-10478400-B2
CHEMBL3137309,1.0,abstract,1,WO-2024229439-A2
CHEMBL1287853,1.0,abstract,1,EP-4297750-A1
CHEMBL1789941,1.0,abstract,1,EP-4297750-A1
CHEMBL5416410,1.0,abstract,1,US-2020069684-A1
CHEMBL1201585,1.0,abstract,1,US-2020002434-A1
CHEMBL1201585,1.0,abstract,1,EP-3565845-A2
CHEMBL1201585,1.0,abstract,1,WO-2018127791-A3
CHEMBL1201585,1.0,abstract,1,WO-2018127791-A2
CHEMBL5314341,1.0,abstract,1,US-2022119511-A1
CHEMBL596,1.0,abstract,1,US-2025304721-A1
CHEMBL2105738,1.0,abstract,1,EP-4608841-A1
CHEMBL413,1.0,abstract,1,US-11186591-B2
CHEMBL413,1.0,abstract,1,US-2020330442-A1
CHEMBL1201631,1.0,abstract,1,EP-4623933-A1
CHEMBL413,1.0,abstract,1,US-10640516-B2
CHEMBL1201631,1.0,abstract,1,WO-2024159948-A1
CHEMBL2364628,1.0,abstract,1,WO-2018039581-A1
CHEMBL388978,1.0,abstract,1,WO-2025058345-A1
CHEMBL44,1.0,abstract,1,US-2019328829-A1
CHEMBL44,1.0,abstract,1,WO-2018005618-A1
CHEMBL413,1.0,abstract,1,US-12239737-B2
CHEMBL413,1.0,abstract,1,US-12239651-B2
CHEMBL413,1.0,abstract,1,US-12213957-B2
CHEMBL413,1.0,abstract,2,US-2024423963-A1
CHEMBL275638,1.0,abstract,1,WO-2024212685-A1
CHEMBL413,1.0,abstract,2,US-12109199-B2
CHEMBL413,1.0,abstract,1,US-2024299432-A1
CHEMBL413,1.0,abstract,1,US-2024240145-A1
CHEMBL413,1.0,abstract,1,WO-2024123935-A2
CHEMBL413,1.0,abstract,1,WO-2024088392-A1
CHEMBL413,1.0,abstract,1,US-11963968-B2
CHEMBL413,1.0,abstract,1,EP-4352239-A1
CHEMBL413,1.0,abstract,1,WO-2024026377-A1
CHEMBL413,1.0,abstract,1,WO-2023114915-A9
CHEMBL413,1.0,abstract,1,US-2023383360-A1
CHEMBL413,1.0,abstract,1,EP-4277640-A1
CHEMBL413,1.0,abstract,1,US-11820782-B2
CHEMBL413,1.0,abstract,1,US-2023357430-A1
CHEMBL413,1.0,abstract,1,WO-2023172872-A3
CHEMBL413,1.0,abstract,1,WO-2023172872-A2
CHEMBL413,1.0,abstract,1,WO-2023114915-A3
CHEMBL413,1.0,abstract,1,US-2023218577-A1
CHEMBL413,1.0,abstract,1,WO-2023114915-A2
CHEMBL413,1.0,abstract,1,US-2023190804-A1
CHEMBL413,1.0,abstract,1,US-2023181516-A1
CHEMBL413,1.0,abstract,1,EP-4188380-A1
CHEMBL1201631,1.0,abstract,1,US-2023124720-A1
CHEMBL413,1.0,abstract,1,EP-4149454-A1
CHEMBL413,1.0,abstract,1,WO-2022243906-A1
CHEMBL39,1.0,abstract,1,US-11505592-B2
CHEMBL413,1.0,abstract,1,WO-2022223544-A1
CHEMBL413,1.0,abstract,1,WO-2022106579-A1
CHEMBL39,1.0,abstract,1,WO-2022106579-A1
CHEMBL413,1.0,abstract,1,WO-2022155242-A1
CHEMBL413,1.0,abstract,1,WO-2022132301-A1
CHEMBL413,1.0,abstract,1,WO-2021252490-A3
CHEMBL413,1.0,abstract,1,US-2022096446-A1
CHEMBL413,1.0,abstract,1,US-2022096818-A1
CHEMBL413,1.0,abstract,1,US-11285143-B2
CHEMBL413,1.0,abstract,1,WO-2022029628-A1
CHEMBL413,1.0,abstract,1,US-11242346-B2
CHEMBL413,1.0,abstract,1,US-2022023230-A1
CHEMBL413,1.0,abstract,1,WO-2021255189-A1
CHEMBL413,1.0,abstract,1,WO-2021252490-A2
CHEMBL413,1.0,abstract,1,US-2021386672-A1
CHEMBL413,1.0,abstract,1,US-2021386789-A1
CHEMBL413,1.0,abstract,1,WO-2021226662-A1
CHEMBL413,1.0,abstract,1,WO-2021182900-A3
CHEMBL1201631,1.0,abstract,1,WO-2021204197-A1
CHEMBL413,1.0,abstract,1,WO-2021182900-A2
CHEMBL413,1.0,abstract,1,US-11116754-B2
CHEMBL413,1.0,abstract,1,US-2021277016-A1
CHEMBL413,1.0,abstract,1,US-11110067-B2
CHEMBL413,1.0,abstract,1,US-2021254000-A1
CHEMBL413,1.0,abstract,1,US-11077061-B2
CHEMBL413,1.0,abstract,2,US-2021177810-A1
CHEMBL39,1.0,abstract,1,EP-3831844-A1
CHEMBL413,1.0,abstract,2,US-2021137897-A1
CHEMBL413,1.0,abstract,1,US-2021122766-A1
CHEMBL413,1.0,abstract,1,US-2021030775-A1
CHEMBL1173655,1.0,abstract,1,US-2020333332-A1
CHEMBL39,1.0,abstract,1,US-2020308251-A1
CHEMBL413,1.0,abstract,1,US-2020281902-A1
CHEMBL413,1.0,abstract,1,EP-3704229-A1
CHEMBL413,1.0,abstract,1,US-2020277304-A1
CHEMBL413,1.0,abstract,1,US-2020230115-A1
CHEMBL413,1.0,abstract,1,US-2020181147-A1
CHEMBL39,1.0,abstract,1,US-10633427-B2
CHEMBL1201631,1.0,abstract,1,US-12215336-B2
CHEMBL189963,1.0,abstract,1,US-2024285631-A1
CHEMBL3545110,1.0,abstract,1,US-2024285631-A1
CHEMBL3301610,1.0,abstract,1,US-2024285631-A1
CHEMBL575060,1.0,abstract,1,US-2024238234-A1
CHEMBL1201631,1.0,abstract,1,US-2024238234-A1
CHEMBL1201631,1.0,abstract,1,EP-4316587-A3
CHEMBL1201631,1.0,abstract,1,EP-4316587-A2
CHEMBL413,1.0,abstract,1,US-2023338343-A9
CHEMBL571546,1.0,abstract,1,US-11752156-B2
CHEMBL1536,1.0,abstract,1,US-11752156-B2
CHEMBL1201631,1.0,abstract,1,US-2022220501-A1
CHEMBL1201631,1.0,abstract,1,US-11299749-B2
CHEMBL1046,1.0,abstract,1,US-11168153-B2
CHEMBL941,1.0,abstract,1,US-2021244737-A1
CHEMBL1229517,1.0,abstract,1,US-2021244737-A1
CHEMBL255863,1.0,abstract,1,US-2021244737-A1
CHEMBL941,1.0,abstract,1,EP-3810200-A1
CHEMBL1229517,1.0,abstract,1,EP-3810200-A1
CHEMBL255863,1.0,abstract,1,EP-3810200-A1
CHEMBL571546,1.0,abstract,1,US-2021038608-A1
CHEMBL1536,1.0,abstract,1,US-2021038608-A1
CHEMBL1201631,1.0,abstract,1,US-10799473-B2
CHEMBL1046,1.0,abstract,1,US-2020291139-A1
CHEMBL384467,1.0,abstract,1,US-11813249-B2
CHEMBL3301610,1.0,abstract,1,WO-2022162122-A1
CHEMBL3545110,1.0,abstract,1,WO-2022162122-A1
CHEMBL189963,1.0,abstract,1,WO-2022162122-A1
CHEMBL384467,1.0,abstract,1,US-2021236472-A1
CHEMBL384467,1.0,abstract,1,US-10925863-B2
CHEMBL384467,1.0,abstract,1,US-2020101049-A1
CHEMBL384467,1.0,abstract,1,US-10576063-B2
CHEMBL384467,1.0,abstract,1,US-2018353488-A1
CHEMBL384467,1.0,abstract,1,WO-2018218182-A1
