pathway_id,role,target_id
R-HSA-382556,participant,ABCB1
R-HSA-2161517,participant,ABCB1
R-HSA-9757110,participant,ABCB1
R-HSA-9754706,participant,ABCB1
R-HSA-5578775,participant,ABCC9
R-HSA-382556,participant,ABCC9
R-HSA-1296025,participant,ABCC9
R-HSA-5693565,participant,ABL1
R-HSA-2022377,participant,ACE
R-HSA-9694614,participant,ACE2
R-HSA-9678110,participant,ACE2
R-HSA-1483191,participant,ACHE
R-HSA-112311,participant,ACHE
R-HSA-9609690,participant,ACTIN-LIKE
R-HSA-9833482,participant,ACTIN-LIKE
R-HSA-190861,participant,ACTIN-LIKE
R-HSA-9646399,participant,ACTIN-LIKE
R-HSA-9609736,participant,ACTIN-LIKE
R-HSA-437239,participant,ACTIN-LIKE
R-HSA-8955332,participant,ACTIN-LIKE
R-HSA-8852276,participant,ACTIN-LIKE
R-HSA-380320,participant,ACTIN-LIKE
R-HSA-9648025,participant,ACTIN-LIKE
R-HSA-68877,participant,ACTIN-LIKE
R-HSA-9668328,participant,ACTIN-LIKE
R-HSA-9619483,participant,ACTIN-LIKE
R-HSA-5663220,participant,ACTIN-LIKE
R-HSA-190840,participant,ACTIN-LIKE
R-HSA-5626467,participant,ACTIN-LIKE
R-HSA-983189,participant,ACTIN-LIKE
R-HSA-1445148,participant,ACTIN-LIKE
R-HSA-2500257,participant,ACTIN-LIKE
R-HSA-2467813,participant,ACTIN-LIKE
R-HSA-6807878,participant,ACTIN-LIKE
R-HSA-3371497,participant,ACTIN-LIKE
R-HSA-2132295,participant,ACTIN-LIKE
R-HSA-6811436,participant,ACTIN-LIKE
R-HSA-6811434,participant,ACTIN-LIKE
R-HSA-5620920,participant,ACTIN-LIKE
R-HSA-177929,participant,ADAM17
R-HSA-2122948,participant,ADAM17
R-HSA-2660826,participant,ADAM17
R-HSA-2894862,participant,ADAM17
R-HSA-2644606,participant,ADAM17
R-HSA-2691232,participant,ADAM17
R-HSA-75893,participant,ADAM17
R-HSA-1251985,participant,ADAM17
R-HSA-5362798,participant,ADAM17
R-HSA-982772,participant,ADAM17
R-HSA-1442490,participant,ADAM17
R-HSA-381340,participant,ADIPOQ
R-HSA-163680,participant,ADIPOQ
R-HSA-9841922,participant,ADIPOQ
R-HSA-418594,participant,ADORA1
R-HSA-417973,participant,ADORA1
R-HSA-418555,participant,ADORA2A
R-HSA-5683826,participant,ADORA2A
R-HSA-417973,participant,ADORA2A
R-HSA-416482,participant,ADRA1A
R-HSA-390696,participant,ADRA1A
R-HSA-416476,participant,ADRA1A
R-HSA-418594,participant,ADRA2A
R-HSA-418597,participant,ADRA2A
R-HSA-392023,participant,ADRA2A
R-HSA-390696,participant,ADRA2A
R-HSA-5683826,participant,ADRA2A
R-HSA-400042,participant,ADRA2A
R-HSA-418555,participant,ADRB1
R-HSA-390696,participant,ADRB1
R-HSA-418555,participant,ADRB2
R-HSA-390696,participant,ADRB2
R-HSA-2022377,participant,AGT
R-HSA-1989781,participant,AGT
R-HSA-375276,participant,AGTR1
R-HSA-416476,participant,AGTR1
R-HSA-8856828,participant,AGTR1
R-HSA-8856825,participant,AGTR1
R-HSA-418594,participant,AGTR2
R-HSA-375276,participant,AGTR2
R-HSA-5652227,participant,AKR1B1
R-HSA-70370,participant,AKR1B1
R-HSA-196108,participant,AKR1B1
R-HSA-5218920,participant,AKT1
R-HSA-389357,participant,AKT1
R-HSA-1257604,participant,AKT1
R-HSA-199418,participant,AKT1
R-HSA-392451,participant,AKT1
R-HSA-9856532,participant,AKT1
R-HSA-9856530,participant,AKT1
R-HSA-5218920,participant,AKT2
R-HSA-389357,participant,AKT2
R-HSA-1257604,participant,AKT2
R-HSA-199418,participant,AKT2
R-HSA-392451,participant,AKT2
R-HSA-5218920,participant,AKT3
R-HSA-389357,participant,AKT3
R-HSA-1257604,participant,AKT3
R-HSA-199418,participant,AKT3
R-HSA-392451,participant,AKT3
R-HSA-916853,participant,ALDH5A1
R-HSA-70171,participant,ALDOA
R-HSA-70263,participant,ALDOA
R-HSA-201556,participant,ALK
R-HSA-9851151,participant,ALK
R-HSA-2142696,participant,ALOX12
R-HSA-2142712,participant,ALOX12
R-HSA-9025106,participant,ALOX12
R-HSA-9026290,participant,ALOX12
R-HSA-9018677,participant,ALOX12
R-HSA-2142700,participant,ALOX12
R-HSA-6785807,participant,ALOX5
R-HSA-9012546,participant,ALOX5
R-HSA-9018896,participant,ALOX5
R-HSA-9023661,participant,ALOX5
R-HSA-9026286,participant,ALOX5
R-HSA-9026403,participant,ALOX5
R-HSA-9026290,participant,ALOX5
R-HSA-9020265,participant,ALOX5
R-HSA-9018682,participant,ALOX5
R-HSA-9018676,participant,ALOX5
R-HSA-9027604,participant,ALOX5
R-HSA-2142691,participant,ALOX5
R-HSA-8963889,participant,ANGPTL3
R-HSA-9029558,participant,ANGPTL3
R-HSA-8957275,participant,APOA1
R-HSA-381426,participant,APOA1
R-HSA-432142,participant,APOB
R-HSA-9707616,participant,APOB
R-HSA-3000471,participant,APOB
R-HSA-202733,participant,APOB
R-HSA-8864260,participant,APOE
R-HSA-8964026,participant,APOE
R-HSA-9029569,participant,APOE
R-HSA-8940973,participant,AR
R-HSA-3371497,participant,AR
R-HSA-383280,participant,AR
R-HSA-4090294,participant,AR
R-HSA-5689880,participant,AR
R-HSA-5693548,participant,ATM
R-HSA-2173795,participant,PARP1
R-HSA-192814,participant,PARP1
R-HSA-3108214,participant,PARP1
R-HSA-5696394,participant,PARP2
R-HSA-163560,participant,PATATIN-LI
R-HSA-8957275,participant,PCSK9
R-HSA-381426,participant,PCSK9
R-HSA-9931295,participant,PDCD1
R-HSA-389948,participant,PDCD1
R-HSA-9679191,participant,PDCD1
R-HSA-186797,participant,PDGFRA
R-HSA-186797,participant,PDGFRB
R-HSA-216083,participant,PECAM1
R-HSA-202733,participant,PECAM1
R-HSA-9856530,participant,PECAM1
R-HSA-9843970,participant,PERIPHILIN
R-HSA-9940951,participant,PHD FINGER
R-HSA-9842663,participant,PIK3CA
R-HSA-9673767,participant,PIK3CA
R-HSA-9673770,participant,PIK3CA
R-HSA-6811558,participant,PIK3CA
R-HSA-2219530,participant,PIK3CA
R-HSA-5655332,participant,PIK3CA
R-HSA-5655253,participant,PIK3CA
R-HSA-9927354,participant,PIK3CA
R-HSA-114604,participant,PIK3CA
R-HSA-912526,participant,PIK3CA
R-HSA-512988,participant,PIK3CA
R-HSA-8964041,participant,APOB
R-HSA-8964038,participant,APOB
R-HSA-1251985,participant,APOE
R-HSA-8963888,participant,APOE
R-HSA-8964058,participant,APOE
R-HSA-975634,participant,APOE
R-HSA-8963901,participant,APOE
R-HSA-381426,participant,APP
R-HSA-5674135,participant,ARAF
R-HSA-6796648,participant,ATM
R-HSA-912446,participant,ATM
R-HSA-3371453,participant,ATM
R-HSA-77387,participant,ATPASE FAM
R-HSA-917977,participant,ATPASE FAM
R-HSA-5685939,participant,PARP1
R-HSA-5696394,participant,PARP1
R-HSA-110362,participant,PARP1
R-HSA-5685939,participant,PARP2
R-HSA-110362,participant,PARP2
R-HSA-9768727,participant,PCSK7
R-HSA-9842640,participant,PIK3CA
R-HSA-2424491,participant,PIK3CA
R-HSA-112399,participant,PIK3CA
R-HSA-5673001,participant,PIK3CA
R-HSA-202424,participant,PIK3CA
R-HSA-186763,participant,PIK3CA
R-HSA-9607240,participant,PIK3CA
R-HSA-9703465,participant,PIK3CA
R-HSA-9856530,participant,PIK3CA
R-HSA-389357,participant,PIK3CA
R-HSA-1433557,participant,PIK3CA
R-HSA-416476,participant,PIK3CA
R-HSA-8853659,participant,PIK3CA
R-HSA-9670439,participant,PIK3CA
R-HSA-9013149,participant,PIK3CA
R-HSA-9013404,participant,PIK3CA
R-HSA-1963642,participant,PIK3CA
R-HSA-180292,participant,PIK3CA
R-HSA-9028335,participant,PIK3CA
R-HSA-1250342,participant,PIK3CA
R-HSA-9603381,participant,PIK3CA
R-HSA-8851907,participant,PIK3CA
R-HSA-9664565,participant,PIK3CA
R-HSA-9665348,participant,PIK3CA
R-HSA-1236382,participant,PIK3CA
R-HSA-5637810,participant,PIK3CA
R-HSA-9680350,participant,PIK3CA
R-HSA-6811558,participant,PIK3CG
R-HSA-2219530,participant,PIK3CG
R-HSA-9927354,participant,PIK3CG
R-HSA-114604,participant,PIK3CG
R-HSA-9027276,participant,PIK3CG
R-HSA-1169408,participant,PIN1
R-HSA-936440,participant,PIN1
R-HSA-6804756,participant,PIN1
R-HSA-8866423,participant,APOB
R-HSA-8964046,participant,APOB
R-HSA-3000480,participant,APOE
R-HSA-8957275,participant,APP
R-HSA-5625886,participant,AR
R-HSA-5673000,participant,ARAF
R-HSA-9726842,participant,ARAF
R-HSA-8866910,participant,ATAD2
R-HSA-2559586,participant,ATM
R-HSA-983712,participant,ATPASE FAM
R-HSA-1222556,participant,ATPASE FAM
R-HSA-9639288,participant,ATPASE FAM
R-HSA-167590,participant,ATPASE FAM
R-HSA-182218,participant,ATPASE FAM
R-HSA-9857377,participant,ATPASE FAM
R-HSA-9636467,participant,ATPASE FAM
R-HSA-6804756,participant,ATR
R-HSA-69473,participant,ATR
R-HSA-5693607,participant,ATR
R-HSA-5693616,participant,ATR
R-HSA-5685938,participant,ATR
R-HSA-9709570,participant,ATR
R-HSA-176187,participant,ATR
R-HSA-6783310,participant,ATR
R-HSA-6796648,participant,ATR
R-HSA-1221632,participant,ATR
R-HSA-3371453,participant,ATR
R-HSA-141444,participant,AURKB
R-HSA-5663220,participant,AURKB
R-HSA-68877,participant,AURKB
R-HSA-2467813,participant,AURKB
R-HSA-2500257,participant,AURKB
R-HSA-9648025,participant,AURKB
R-HSA-174178,participant,AURKB
R-HSA-4420097,participant,AXL
R-HSA-9918485,participant,AXL
R-HSA-977225,participant,BACE1
R-HSA-844455,participant,BCL2
R-HSA-6785807,participant,BCL2
R-HSA-111453,participant,BCL2
R-HSA-111447,participant,BCL2
R-HSA-9634638,participant,BCL2
R-HSA-9818030,participant,BCL2
R-HSA-9824594,participant,BCL2
R-HSA-9018519,participant,BCL2
R-HSA-844455,participant,BCL2L1
R-HSA-6785807,participant,BCL2L1
R-HSA-111453,participant,BCL2L1
R-HSA-9648002,participant,BCL2L1
R-HSA-418594,participant,BDKRB2
R-HSA-375276,participant,BDKRB2
R-HSA-416476,participant,BDKRB2
R-HSA-9933947,participant,BICRA
R-HSA-1295596,participant,BRAF
R-HSA-170984,participant,BRAF
R-HSA-187706,participant,BRAF
R-HSA-6802955,participant,BRAF
R-HSA-5693565,participant,BRCA1
R-HSA-5689901,participant,BRCA1
R-HSA-6796648,participant,BRCA1
R-HSA-8953750,participant,BRCA1
R-HSA-1221632,participant,BRCA1
R-HSA-912446,participant,BRCA1
R-HSA-8951664,participant,BRCA1
R-HSA-9755511,participant,BRCA1
R-HSA-9825895,participant,BRCA1
R-HSA-9699150,participant,BRCA1
R-HSA-3108214,participant,BRCA1
R-HSA-5693616,participant,BRCA2
R-HSA-5685939,participant,BRCA2
R-HSA-912446,participant,BRCA2
R-HSA-9909649,participant,BRD4
R-HSA-9679191,participant,BRD4
R-HSA-5693565,participant,BREAST CAN
R-HSA-5689901,participant,BREAST CAN
R-HSA-6796648,participant,BREAST CAN
R-HSA-8953750,participant,BREAST CAN
R-HSA-1221632,participant,BREAST CAN
R-HSA-912446,participant,BREAST CAN
R-HSA-8951664,participant,BREAST CAN
R-HSA-9755511,participant,BREAST CAN
R-HSA-9825895,participant,BREAST CAN
R-HSA-9699150,participant,BREAST CAN
R-HSA-3108214,participant,BREAST CAN
R-HSA-1237044,participant,CA2
R-HSA-1247673,participant,CA2
R-HSA-1475029,participant,CA2
R-HSA-9925563,participant,CA2
R-HSA-1234158,participant,CA9
R-HSA-1475029,participant,CA9
R-HSA-419037,participant,CACNA1C
R-HSA-422356,participant,CACNA1C
R-HSA-400042,participant,CACNA1C
R-HSA-5576892,participant,CACNA1C
R-HSA-5576893,participant,CACNA1C
R-HSA-419037,participant,CACNA1D
R-HSA-422356,participant,CACNA1D
R-HSA-400042,participant,CACNA1D
R-HSA-9662360,participant,CACNA1D
R-HSA-1169091,participant,CANCER-REL
R-HSA-69231,participant,CCND1
R-HSA-9661069,participant,CCND1
R-HSA-9754119,participant,CCND1
R-HSA-8878166,participant,CCND1
R-HSA-75815,participant,CCND1
R-HSA-1912408,participant,CCND1
R-HSA-8934593,participant,CCND1
R-HSA-8951936,participant,CCND1
R-HSA-3214858,participant,CCND1
R-HSA-6785807,participant,CCND1
R-HSA-380108,participant,CCRL2
R-HSA-9929356,participant,CD274
R-HSA-9909620,participant,CD274
R-HSA-9931269,participant,CD274
R-HSA-9929491,participant,CD274
R-HSA-9931295,participant,CD274
R-HSA-141430,participant,CDC16
R-HSA-174184,participant,CDC16
R-HSA-179409,participant,CDC16
R-HSA-176409,participant,CDC16
R-HSA-174178,participant,CDC16
R-HSA-176407,participant,CDC16
R-HSA-69017,participant,CDC16
R-HSA-174154,participant,CDC16
R-HSA-2467813,participant,CDC16
R-HSA-174048,participant,CDC16
R-HSA-983168,participant,CDC16
R-HSA-141444,participant,CDC20
R-HSA-5663220,participant,CDC20
R-HSA-68877,participant,CDC20
R-HSA-2467813,participant,CDC20
R-HSA-2500257,participant,CDC20
R-HSA-9648025,participant,CDC20
R-HSA-174184,participant,CDC20
R-HSA-983168,participant,CDC20
R-HSA-176407,participant,CDC20
R-HSA-174048,participant,CDC20
R-HSA-141405,participant,CDC20
R-HSA-176407,participant,CDC23
R-HSA-69017,participant,CDC23
R-HSA-2467813,participant,CDC23
R-HSA-174048,participant,CDC23
R-HSA-69205,participant,CDK1
R-HSA-1362300,participant,CDK1
R-HSA-176187,participant,CDK2
R-HSA-68962,participant,CDK2
R-HSA-69656,participant,CDK2
R-HSA-6804116,participant,CDK2
R-HSA-2559586,participant,CDK2
R-HSA-1538133,participant,CDK2
R-HSA-8878166,participant,CDK4
R-HSA-912446,participant,CDK4
R-HSA-9616222,participant,CDK4
R-HSA-9931529,participant,CDK5
R-HSA-9931530,participant,CDK5
R-HSA-9031628,participant,CDK5
R-HSA-210990,participant,PECAM1
R-HSA-6798695,participant,PECAM1
R-HSA-432142,participant,PECAM1
R-HSA-114608,participant,PECAM1
R-HSA-373753,participant,PIK3CA
R-HSA-210993,participant,PIK3CA
R-HSA-2730905,participant,PIK3CA
R-HSA-4420097,participant,PIK3CA
R-HSA-2029485,participant,PIK3CA
R-HSA-198203,participant,PIK3CA
R-HSA-201556,participant,PIK3CA
R-HSA-109704,participant,PIK3CA
R-HSA-1257604,participant,PIK3CA
R-HSA-9725370,participant,PIK3CA
R-HSA-5654720,participant,PIK3CA
R-HSA-5654689,participant,PIK3CA
R-HSA-5654695,participant,PIK3CA
R-HSA-5654710,participant,PIK3CA
R-HSA-1839117,participant,PIK3CA
R-HSA-5655302,participant,PIK3CA
R-HSA-5655291,participant,PIK3CA
R-HSA-9703648,participant,PIK3CA
R-HSA-912631,participant,PIK3CA
R-HSA-1660499,participant,PIK3CA
R-HSA-9009391,participant,PIK3CA
R-HSA-9027276,participant,PIK3CA
R-HSA-1257604,participant,PIK3CG
R-HSA-389357,participant,PIK3CG
R-HSA-392451,participant,PIK3CG
R-HSA-1660499,participant,PIK3CG
R-HSA-141430,participant,CDC20
R-HSA-179409,participant,CDC20
R-HSA-174178,participant,CDC20
R-HSA-174154,participant,CDC20
R-HSA-174184,participant,CDC23
R-HSA-176409,participant,CDC23
R-HSA-174154,participant,CDC23
R-HSA-983168,participant,CDC23
R-HSA-69563,participant,CDK2
R-HSA-2559582,participant,CDK2
R-HSA-9940951,participant,CDK2AP1
R-HSA-9937850,participant,CDK2AP1
R-HSA-69231,participant,CDK4
R-HSA-3214858,participant,CDK4
R-HSA-381340,participant,CDK4
R-HSA-399956,participant,CDK5
R-HSA-9032845,participant,CDK5
R-HSA-9768919,participant,CDK5
R-HSA-180024,participant,CDK5
R-HSA-983231,participant,CDK5
R-HSA-8862803,participant,CDK5
R-HSA-6811555,participant,PIN1
R-HSA-9029569,participant,PLTP
R-HSA-1368108,participant,PPARA
R-HSA-400206,participant,PPARA
R-HSA-383280,participant,PPARA
R-HSA-4090294,participant,PPARA
R-HSA-5362517,participant,PPARD
R-HSA-383280,participant,PPARD
R-HSA-8943724,participant,PPARG
R-HSA-381340,participant,PPARG
R-HSA-1989781,participant,PPARG
R-HSA-9022707,participant,PPARG
R-HSA-383280,participant,PPARG
R-HSA-4090294,participant,PPARG
R-HSA-9843970,participant,PPHLN1
R-HSA-380284,participant,PRKACA
R-HSA-380259,participant,PRKACA
R-HSA-380270,participant,PRKACA
R-HSA-2565942,participant,PRKACA
R-HSA-8854518,participant,PRKACA
R-HSA-380320,participant,PRKACA
R-HSA-9664323,participant,PRKACA
R-HSA-180024,participant,PRKACA
R-HSA-432040,participant,PRKACA
R-HSA-164378,participant,PRKACA
R-HSA-381676,participant,PRKACA
R-HSA-163358,participant,PRKACA
R-HSA-9634600,participant,PRKACA
R-HSA-422356,participant,PRKACA
R-HSA-392517,participant,PRKACA
R-HSA-8853659,participant,PRKACA
R-HSA-5578775,participant,PRKACA
R-HSA-5620912,participant,PRKACA
R-HSA-2122948,participant,PSEN2
R-HSA-9013507,participant,PSEN2
R-HSA-9013700,participant,PSEN2
R-HSA-2894862,participant,PSEN2
R-HSA-1251985,participant,PSEN2
R-HSA-193692,participant,PSEN2
R-HSA-205043,participant,PSEN2
R-HSA-5632684,participant,PSMA1
R-HSA-5668541,participant,PSMA1
R-HSA-5676590,participant,PSMA1
R-HSA-5607761,participant,PSMA1
R-HSA-1236978,participant,PSMA1
R-HSA-1236974,participant,PSMA1
R-HSA-350562,participant,PSMA1
R-HSA-9958825,participant,PSMA1
R-HSA-2871837,participant,PSMA1
R-HSA-8939902,participant,PSMA1
R-HSA-5610785,participant,PSMA1
R-HSA-9766229,participant,PSMA1
R-HSA-195253,participant,PSMA1
R-HSA-4641257,participant,PSMA1
R-HSA-1234176,participant,PSMA1
R-HSA-8948751,participant,PSMA1
R-HSA-983168,participant,PSMA1
R-HSA-174184,participant,PSMA1
R-HSA-174113,participant,PSMA1
R-HSA-180585,participant,PSMA1
R-HSA-8951664,participant,PSMA1
R-HSA-9755511,participant,PSMA1
R-HSA-382556,participant,PSMA1
R-HSA-9932298,participant,PSMA1
R-HSA-9010553,participant,PSMA1
R-HSA-5362768,participant,PSMA1
R-HSA-5358346,participant,PSMA1
R-HSA-5678895,participant,PSMA1
R-HSA-9954709,participant,PSMA1
R-HSA-450408,participant,PSMA1
R-HSA-5687128,participant,PSMA1
R-HSA-9907900,participant,PSMA1
R-HSA-5689603,participant,PSMA1
R-HSA-5689880,participant,PSMA1
R-HSA-416476,participant,PTAFR
R-HSA-373076,participant,PTAFR
R-HSA-6798695,participant,PTAFR
R-HSA-1660499,participant,PTEN
R-HSA-202424,participant,PTEN
R-HSA-199418,participant,PTEN
R-HSA-5628897,participant,PTEN
R-HSA-1855204,participant,PTEN
R-HSA-8943723,participant,PTEN
R-HSA-8948747,participant,PTEN
R-HSA-8948751,participant,PTEN
R-HSA-8986944,participant,PTEN
R-HSA-5689896,participant,PTEN
R-HSA-418555,participant,PTGIR
R-HSA-936964,participant,PTPN11
R-HSA-1295596,participant,PTPN11
R-HSA-912694,participant,PTPN11
R-HSA-877312,participant,PTPN11
R-HSA-114604,participant,PTPN11
R-HSA-909733,participant,PTPN11
R-HSA-9705671,participant,PTPN11
R-HSA-389948,participant,PTPN11
R-HSA-9927353,participant,PTPN11
R-HSA-512988,participant,PTPN11
R-HSA-391160,participant,PTPN11
R-HSA-1433557,participant,PTPN11
R-HSA-432142,participant,PTPN11
R-HSA-210990,participant,PTPN11
R-HSA-210993,participant,PTPN11
R-HSA-186763,participant,PTPN11
R-HSA-389513,participant,PTPN11
R-HSA-8854691,participant,PTPN11
R-HSA-9028731,participant,PTPN11
R-HSA-176409,participant,CDC20
R-HSA-174113,participant,CDC20
R-HSA-141430,participant,CDC23
R-HSA-179409,participant,CDC23
R-HSA-174178,participant,CDC23
R-HSA-113507,participant,CDK1
R-HSA-69202,participant,CDK2
R-HSA-912446,participant,CDK2
R-HSA-9616222,participant,CDK2
R-HSA-983231,participant,CDK2
R-HSA-75815,participant,CDK4
R-HSA-69231,participant,CDK6
R-HSA-8934593,participant,CDK6
R-HSA-2559580,participant,CDKN2A
R-HSA-2559585,participant,CDKN2A
R-HSA-69541,participant,CDKN2A
R-HSA-6804757,participant,CDKN2A
R-HSA-8941858,participant,CDKN2A
R-HSA-9759194,participant,CDKN2A
R-HSA-3232118,participant,CDKN2A
R-HSA-3108214,participant,CDKN2A
R-HSA-202433,participant,CELL CYCLE
R-HSA-202430,participant,CELL CYCLE
R-HSA-202427,participant,CELL CYCLE
R-HSA-389948,participant,CELL CYCLE
R-HSA-202424,participant,CELL CYCLE
R-HSA-198933,participant,CELL CYCLE
R-HSA-202433,participant,CELL DIVIS
R-HSA-202430,participant,CELL DIVIS
R-HSA-202427,participant,CELL DIVIS
R-HSA-389948,participant,CELL DIVIS
R-HSA-202424,participant,CELL DIVIS
R-HSA-198933,participant,CELL DIVIS
R-HSA-2453902,participant,CELLULAR T
R-HSA-9918442,participant,CELLULAR T
R-HSA-975634,participant,CELLULAR T
R-HSA-382556,participant,CFTR
R-HSA-5693607,participant,CHEK1
R-HSA-176187,participant,CHEK1
R-HSA-69473,participant,CHEK1
R-HSA-6796648,participant,CHEK1
R-HSA-5693565,participant,CHEK2
R-HSA-69473,participant,CHEK2
R-HSA-416476,participant,CHRM1
R-HSA-390648,participant,CHRM1
R-HSA-418594,participant,CHRM2
R-HSA-390648,participant,CHRM2
R-HSA-8856828,participant,CHRM2
R-HSA-8856825,participant,CHRM2
R-HSA-416476,participant,CHRM3
R-HSA-390648,participant,CHRM3
R-HSA-399997,participant,CHRM3
R-HSA-629597,participant,CHRNA4
R-HSA-629587,participant,CHRNA4
R-HSA-629594,participant,CHRNA4
R-HSA-629594,participant,CHRNA7
R-HSA-1236974,participant,CHUK
R-HSA-445989,participant,CHUK
R-HSA-5357905,participant,CHUK
R-HSA-1169091,participant,CHUK
R-HSA-975144,participant,CHUK
R-HSA-9833482,participant,CHUK
R-HSA-5607764,participant,CHUK
R-HSA-202424,participant,CHUK
R-HSA-2871837,participant,CHUK
R-HSA-9020702,participant,CHUK
R-HSA-937041,participant,CHUK
R-HSA-9758274,participant,CHUK
R-HSA-937039,participant,CHUK
R-HSA-933543,participant,CHUK
R-HSA-1810476,participant,CHUK
R-HSA-933542,participant,CHUK
R-HSA-9705671,participant,CHUK
R-HSA-168638,participant,CHUK
R-HSA-5357956,participant,CHUK
R-HSA-168927,participant,CHUK
R-HSA-9860927,participant,CHUK
R-HSA-9909505,participant,CHUK
R-HSA-5684264,participant,CHUK
R-HSA-9860276,participant,CHUK
R-HSA-5603029,participant,CHUK
R-HSA-198323,participant,CHUK
R-HSA-5676590,participant,CHUK
R-HSA-5607761,participant,CHUK
R-HSA-5674400,participant,CHUK
R-HSA-5603027,participant,CHUK
R-HSA-5602636,participant,CHUK
R-HSA-420029,participant,CLDN18
R-HSA-418594,participant,CNR1
R-HSA-373076,participant,CNR1
R-HSA-418594,participant,CNR2
R-HSA-373076,participant,CNR2
R-HSA-200425,participant,CPT2
R-HSA-1989781,participant,CPT2
R-HSA-977606,participant,CR1
R-HSA-6798695,participant,CR1
R-HSA-8877330,participant,CR1
R-HSA-449836,participant,CSF1R
R-HSA-8853884,participant,CSF1R
R-HSA-9680350,participant,CSF1R
R-HSA-389356,participant,CTLA4
R-HSA-389513,participant,CTLA4
R-HSA-8877330,participant,CTLA4
R-HSA-1679131,participant,CTSK
R-HSA-418594,participant,CXCL8
R-HSA-380108,participant,CXCL8
R-HSA-2559582,participant,CXCL8
R-HSA-375276,participant,CXCL8
R-HSA-380994,participant,CXCL8
R-HSA-6783783,participant,CXCL8
R-HSA-6785807,participant,CXCL8
R-HSA-69273,participant,CYCLIN-DEP
R-HSA-174184,participant,CYCLIN-DEP
R-HSA-69656,participant,CYCLIN-DEP
R-HSA-209931,participant,DDC
R-HSA-209905,participant,DDC
R-HSA-9824272,participant,DLL3
R-HSA-9793380,participant,DLL3
R-HSA-3214841,participant,DOT1L
R-HSA-418555,participant,DRD1
R-HSA-390651,participant,DRD1
R-HSA-390651,participant,DRD2
R-HSA-202670,participant,DUAL SPECI
R-HSA-1538133,participant,DYRK1A
R-HSA-416476,participant,EDNRA
R-HSA-375276,participant,EDNRA
R-HSA-416476,participant,EDNRB
R-HSA-375276,participant,EDNRB
R-HSA-9856649,participant,EDNRB
R-HSA-166208,participant,EEF2K
R-HSA-177929,participant,EGFR
R-HSA-5638303,participant,EGFR
R-HSA-1227986,participant,EGFR
R-HSA-1236394,participant,EGFR
R-HSA-9609690,participant,EGFR
R-HSA-445144,participant,EGFR
R-HSA-9820960,participant,EGFR
R-HSA-9634285,participant,ERBB2
R-HSA-9652282,participant,ERBB2
R-HSA-8863795,participant,ERBB2
R-HSA-416572,participant,ERBB2
R-HSA-9927418,participant,ERBB2
R-HSA-9927432,participant,ERBB2
R-HSA-1236394,participant,ERBB3
R-HSA-9665686,participant,ERBB3
R-HSA-9664565,participant,ERBB3
R-HSA-1358803,participant,ERBB3
R-HSA-8943724,participant,EZH2
R-HSA-2559580,participant,EZH2
R-HSA-8953750,participant,EZH2
R-HSA-9764725,participant,EZH2
R-HSA-9935598,participant,F11
R-HSA-9769735,participant,F2
R-HSA-2426168,participant,FDFT1
R-HSA-399956,participant,FES
R-HSA-1433557,participant,FES
R-HSA-372708,participant,FGA
R-HSA-354194,participant,FGA
R-HSA-9769733,participant,FGA
R-HSA-216083,participant,FGA
R-HSA-6802948,participant,FGB
R-HSA-9649948,participant,FGB
R-HSA-5674135,participant,FGB
R-HSA-9656223,participant,FGB
R-HSA-6802952,participant,FGB
R-HSA-354192,participant,FGB
R-HSA-354194,participant,FGB
R-HSA-2023837,participant,FGFR2
R-HSA-2033515,participant,FGFR3
R-HSA-6802948,participant,FGG
R-HSA-9656223,participant,FGG
R-HSA-5205685,participant,PINK1
R-HSA-9614657,participant,PINK1
R-HSA-9764725,participant,PKM
R-HSA-114608,participant,PLG
R-HSA-6814848,participant,PNPLA6
R-HSA-2426168,participant,PPARA
R-HSA-2151201,participant,PPARA
R-HSA-5205685,participant,PRKN
R-HSA-977225,participant,PRKN
R-HSA-5689877,participant,PRKN
R-HSA-191859,participant,PRMT5
R-HSA-419037,participant,PRNP
R-HSA-4641262,participant,PROTO-ONCO
R-HSA-196299,participant,PROTO-ONCO
R-HSA-6798695,participant,PSEN1
R-HSA-2979096,participant,PSEN2
R-HSA-2644606,participant,PSEN2
R-HSA-3928665,participant,PSEN2
R-HSA-9839383,participant,PSEN2
R-HSA-180534,participant,PSMA1
R-HSA-8939236,participant,PSMA1
R-HSA-5610783,participant,PSMA1
R-HSA-5610780,participant,PSMA1
R-HSA-9929491,participant,PSMA1
R-HSA-9931269,participant,PSMA1
R-HSA-9929356,participant,PSMA1
R-HSA-75815,participant,PSMA1
R-HSA-8854050,participant,PSMA1
R-HSA-69017,participant,PSMA1
R-HSA-202424,participant,PSMA1
R-HSA-4641258,participant,PSMA1
R-HSA-4608870,participant,PSMA1
R-HSA-5658442,participant,PSMA1
R-HSA-9018679,participant,PTGS2
R-HSA-9018677,participant,PTGS2
R-HSA-9665686,participant,EGFR
R-HSA-9664565,participant,EGFR
R-HSA-2179392,participant,EGFR
R-HSA-8866910,participant,EGFR
R-HSA-1227986,participant,ERBB2
R-HSA-8866910,participant,ERBB2
R-HSA-9938206,participant,ERBB2
R-HSA-1227986,participant,ERBB3
R-HSA-1257604,participant,ESR2
R-HSA-2219530,participant,ESR2
R-HSA-9009391,participant,ESR2
R-HSA-212300,participant,EZH2
R-HSA-5617472,participant,EZH2
R-HSA-3214841,participant,EZH2
R-HSA-9710421,participant,EZH2
R-HSA-9673221,participant,F11
R-HSA-9769739,participant,F11
R-HSA-456926,participant,F2
R-HSA-9769733,participant,F2
R-HSA-9657688,participant,F2
R-HSA-375276,participant,F2
R-HSA-9769739,participant,F2
R-HSA-76009,participant,F2
R-HSA-9769739,participant,F5
R-HSA-9769743,participant,F9
R-HSA-1989781,participant,FDFT1
R-HSA-6802946,participant,FGB
R-HSA-372708,participant,FGB
R-HSA-9769733,participant,FGB
R-HSA-190322,participant,FGFR4
R-HSA-1307965,participant,FGFR4
R-HSA-9649948,participant,FGG
R-HSA-8964058,participant,PLTP
R-HSA-1989781,participant,PPARA
R-HSA-381340,participant,PPARA
R-HSA-9933387,participant,PPARA
R-HSA-9931509,participant,PPARA
R-HSA-9707616,participant,PPARA
R-HSA-9707564,participant,PPARA
R-HSA-9844594,participant,PPARA
R-HSA-200425,participant,PPARD
R-HSA-9844594,participant,PPARG
R-HSA-9660821,participant,PRKACA
R-HSA-9634597,participant,PRKACA
R-HSA-442720,participant,PRKACA
R-HSA-111931,participant,PRKACA
R-HSA-163615,participant,PRKACA
R-HSA-9856530,participant,PRKACA
R-HSA-983231,participant,PRKACA
R-HSA-8963896,participant,PRKACA
R-HSA-163560,participant,PRKACA
R-HSA-9010642,participant,PRKACA
R-HSA-4420097,participant,PRKACA
R-HSA-512988,participant,PRKACA
R-HSA-9646399,participant,PRKN
R-HSA-983168,participant,PRKN
R-HSA-9017802,participant,PSEN2
R-HSA-1169091,participant,PSMA1
R-HSA-5607764,participant,PSMA1
R-HSA-9020702,participant,PSMA1
R-HSA-68949,participant,PSMA1
R-HSA-211733,participant,PSMA1
R-HSA-349425,participant,PSMA1
R-HSA-8852276,participant,PSMA1
R-HSA-69481,participant,PSMA1
R-HSA-174154,participant,PSMA1
R-HSA-2467813,participant,PSMA1
R-HSA-174178,participant,PSMA1
R-HSA-9912633,participant,PSMA1
R-HSA-877300,participant,PTAFR
R-HSA-6783783,participant,PTAFR
R-HSA-392851,participant,PTGIR
R-HSA-391908,participant,PTGIR
R-HSA-2162123,participant,PTGS1
R-HSA-140180,participant,PTGS1
R-HSA-2162123,participant,PTGS2
R-HSA-2142770,participant,PTGS2
R-HSA-9027604,participant,PTGS2
R-HSA-9025094,participant,PTGS2
R-HSA-6785807,participant,PTGS2
R-HSA-6783783,participant,PTGS2
R-HSA-9665348,participant,EGFR
R-HSA-8857538,participant,EGFR
R-HSA-9927432,participant,EGFR
R-HSA-6811558,participant,ESR2
R-HSA-9909649,participant,EZH2
R-HSA-9609690,participant,EZH2
R-HSA-159740,participant,F10
R-HSA-9769743,participant,F11
R-HSA-9657688,participant,F12
R-HSA-9769743,participant,F2
R-HSA-381426,participant,F2
R-HSA-9672391,participant,F2
R-HSA-416476,participant,F2
R-HSA-977606,participant,F2
R-HSA-9629569,participant,F9
R-HSA-9969896,participant,FDFT1
R-HSA-399954,participant,FES
R-HSA-399955,participant,FES
R-HSA-6802955,participant,FGA
R-HSA-6802946,participant,FGA
R-HSA-6802948,participant,FGA
R-HSA-9649948,participant,FGA
R-HSA-5674135,participant,FGA
R-HSA-9656223,participant,FGA
R-HSA-6802952,participant,FGA
R-HSA-354192,participant,FGA
R-HSA-6802955,participant,FGB
R-HSA-216083,participant,FGB
R-HSA-9758919,participant,FGFR1
R-HSA-9793380,participant,FGFR1
R-HSA-5655332,participant,FGFR3
R-HSA-6802955,participant,FGG
R-HSA-6802946,participant,FGG
R-HSA-5674135,participant,FGG
R-HSA-6802952,participant,FGG
R-HSA-354192,participant,FGG
R-HSA-372708,participant,FGG
R-HSA-354194,participant,FGG
R-HSA-9769733,participant,FGG
R-HSA-216083,participant,FGG
R-HSA-166058,participant,FGG
R-HSA-1236974,participant,FGG
R-HSA-5603041,participant,FGG
R-HSA-5602498,participant,FGG
R-HSA-5686938,participant,FGG
R-HSA-114608,participant,FGG
R-HSA-9936686,participant,FGG
R-HSA-194306,participant,FLT1
R-HSA-195399,participant,FLT1
R-HSA-9607240,participant,FLT3
R-HSA-9013695,participant,FLT4
R-HSA-195399,participant,FLT4
R-HSA-9856530,participant,FLT4
R-HSA-70263,participant,FRUCTOSE-B
R-HSA-418555,participant,FSHR
R-HSA-375281,participant,FSHR
R-HSA-72163,participant,FUS
R-HSA-9770562,participant,FUS
R-HSA-72203,participant,FUS
R-HSA-9918481,participant,FUS
R-HSA-389359,participant,FYN
R-HSA-8866376,participant,FYN
R-HSA-9680350,participant,FYN
R-HSA-3928664,participant,FYN
R-HSA-912631,participant,FYN
R-HSA-5621480,participant,FYN
R-HSA-5621575,participant,FYN
R-HSA-3928663,participant,FYN
R-HSA-3928665,participant,FYN
R-HSA-2682334,participant,FYN
R-HSA-3928662,participant,FYN
R-HSA-389356,participant,FYN
R-HSA-389513,participant,FYN
R-HSA-210990,participant,FYN
R-HSA-1433557,participant,FYN
R-HSA-1433559,participant,FYN
R-HSA-9670439,participant,FYN
R-HSA-9664422,participant,FYN
R-HSA-9664323,participant,FYN
R-HSA-2029481,participant,FYN
R-HSA-6811558,participant,FYN
R-HSA-1257604,participant,FYN
R-HSA-2219530,participant,FYN
R-HSA-389357,participant,FYN
R-HSA-2424491,participant,FYN
R-HSA-9706374,participant,FYN
R-HSA-373753,participant,FYN
R-HSA-164944,participant,FYN
R-HSA-4420097,participant,FYN
R-HSA-75892,participant,FYN
R-HSA-399955,participant,FYN
R-HSA-399956,participant,FYN
R-HSA-399954,participant,FYN
R-HSA-375165,participant,FYN
R-HSA-114604,participant,FYN
R-HSA-202733,participant,FYN
R-HSA-69205,participant,G1/S-SPECI
R-HSA-977443,participant,GABRA1
R-HSA-1236394,participant,GABRA1
R-HSA-977443,participant,GABRA4
R-HSA-977443,participant,GABRB2
R-HSA-1236394,participant,GABRB2
R-HSA-71288,participant,GAMT
R-HSA-8986944,participant,GAMT
R-HSA-9925561,participant,GATA4
R-HSA-9937080,participant,GATA4
R-HSA-9925563,participant,GATA4
R-HSA-400511,participant,GATA4
R-HSA-9733709,participant,GATA4
R-HSA-983231,participant,GATA4
R-HSA-9758920,participant,GATA4
R-HSA-9823730,participant,GATA4
R-HSA-9690406,participant,GATA4
R-HSA-5578768,participant,GATA4
R-HSA-2032785,participant,GATA4
R-HSA-416476,participant,GCGR
R-HSA-420092,participant,GCGR
R-HSA-163359,participant,GCGR
R-HSA-418555,participant,GCGR
R-HSA-1474151,participant,GCH1
R-HSA-418555,participant,GIPR
R-HSA-420092,participant,GIPR
R-HSA-9840310,participant,GLA
R-HSA-418555,participant,GLP1R
R-HSA-420092,participant,GLP1R
R-HSA-381676,participant,GLP1R
R-HSA-9634597,participant,GNB5
R-HSA-9009391,participant,GNB5
R-HSA-428930,participant,GNB5
R-HSA-9660821,participant,GNB5
R-HSA-392851,participant,GNB5
R-HSA-392170,participant,GNB5
R-HSA-418555,participant,GNB5
R-HSA-456926,participant,GNB5
R-HSA-4086398,participant,GNB5
R-HSA-418597,participant,GNB5
R-HSA-8964616,participant,GNB5
R-HSA-8964315,participant,GNB5
R-HSA-202040,participant,GNB5
R-HSA-416476,participant,GNRHR
R-HSA-399719,participant,GRIA1
R-HSA-416993,participant,GRIA1
R-HSA-5654693,participant,PTPN11
R-HSA-1059683,participant,PTPN11
R-HSA-5654700,participant,PTPN11
R-HSA-180292,participant,PTPN11
R-HSA-5654712,participant,PTPN11
R-HSA-5654706,participant,PTPN11
R-HSA-1170546,participant,PTPN11
R-HSA-8865999,participant,PTPN11
R-HSA-9607240,participant,PTPN11
R-HSA-8853659,participant,PTPN11
R-HSA-6804756,participant,RAD1
R-HSA-5693607,participant,RAD1
R-HSA-5685938,participant,RAD1
R-HSA-5621575,participant,RAF PROTO-
R-HSA-168638,participant,RIPK2
R-HSA-209543,participant,RIPK2
R-HSA-426117,participant,SLC12A2
R-HSA-189200,participant,SLC45A3
R-HSA-442660,participant,SLC6A3
R-HSA-425986,participant,SLC9A3
R-HSA-201722,participant,SMARCA4
R-HSA-9619665,participant,SMARCA4
R-HSA-9833482,participant,SNCA
R-HSA-379716,participant,SOLUTE CAR
R-HSA-9013149,participant,SOS1
R-HSA-193648,participant,SOS1
R-HSA-428540,participant,SOS1
R-HSA-375165,participant,SOS1
R-HSA-74751,participant,SOS1
R-HSA-179812,participant,SOS1
R-HSA-9607240,participant,SOS1
R-HSA-354194,participant,SOS1
R-HSA-9703648,participant,SOS1
R-HSA-9703465,participant,SOS1
R-HSA-983695,participant,SOS1
R-HSA-9680350,participant,SOS1
R-HSA-5654688,participant,SOS1
R-HSA-5654712,participant,SOS1
R-HSA-5654704,participant,SOS1
R-HSA-1433557,participant,SOS1
R-HSA-9028731,participant,SOS1
R-HSA-9026519,participant,SOS1
R-HSA-2428933,participant,SOS1
R-HSA-5655332,participant,SOS1
R-HSA-5655291,participant,SOS1
R-HSA-9665686,participant,SOS1
R-HSA-9665348,participant,SOS1
R-HSA-9673767,participant,SOS1
R-HSA-1236382,participant,SOS1
R-HSA-2871809,participant,SOS1
R-HSA-74749,participant,SOS1
R-HSA-9842663,participant,SOS1
R-HSA-418555,participant,SRC
R-HSA-9840310,participant,STS
R-HSA-416482,participant,TBXA2R
R-HSA-391908,participant,TBXA2R
R-HSA-5626978,participant,TNF
R-HSA-168638,participant,TNFAIP3
R-HSA-5357905,participant,TNFAIP3
R-HSA-5357956,participant,TNFAIP3
R-HSA-9927353,participant,TNFRSF14
R-HSA-5669034,participant,TNFRSF14
R-HSA-416476,participant,GNB5
R-HSA-418592,participant,GNB5
R-HSA-416482,participant,GNB5
R-HSA-392451,participant,GNB5
R-HSA-420092,participant,GNB5
R-HSA-9856530,participant,GNB5
R-HSA-416993,participant,GRIA2
R-HSA-418886,participant,PTPN11
R-HSA-9703648,participant,PTPN11
R-HSA-9674555,participant,PTPN11
R-HSA-9680350,participant,PTPN11
R-HSA-2586552,participant,PTPN11
R-HSA-9645135,participant,PTPN11
R-HSA-9702518,participant,PTPN11
R-HSA-69473,participant,RAD1
R-HSA-5693616,participant,RAD1
R-HSA-176187,participant,RAD1
R-HSA-430116,participant,RAF PROTO-
R-HSA-1169091,participant,REL
R-HSA-2022377,participant,REN
R-HSA-5689896,participant,RIPK2
R-HSA-4420097,participant,ROCK2
R-HSA-3928663,participant,ROCK2
R-HSA-416482,participant,ROCK2
R-HSA-5627117,participant,ROCK2
R-HSA-9013407,participant,ROCK2
R-HSA-9013106,participant,ROCK2
R-HSA-8980692,participant,ROCK2
R-HSA-9841922,participant,SCD
R-HSA-9029558,participant,SCD
R-HSA-202733,participant,SELE
R-HSA-2672351,participant,SGK1
R-HSA-114604,participant,SHP1
R-HSA-5690714,participant,SHP1
R-HSA-877312,participant,SHP1
R-HSA-912694,participant,SHP1
R-HSA-912526,participant,SHP1
R-HSA-432142,participant,SHP1
R-HSA-210990,participant,SHP1
R-HSA-1433559,participant,SHP1
R-HSA-201556,participant,SHP1
R-HSA-9725371,participant,SHP1
R-HSA-982772,participant,SHP1
R-HSA-9679191,participant,SIGMAR1
R-HSA-426117,participant,SLC12A1
R-HSA-426117,participant,SLC12A3
R-HSA-442660,participant,SLC6A2
R-HSA-379401,participant,SLC6A3
R-HSA-442660,participant,SLC6A4
R-HSA-380615,participant,SLC6A4
R-HSA-352230,participant,SLC6A6
R-HSA-9764725,participant,SMARCA4
R-HSA-8939243,participant,SMARCA4
R-HSA-3214858,participant,SMARCA4
R-HSA-9934037,participant,SMARCA4
R-HSA-9933939,participant,SMARCA4
R-HSA-9933937,participant,SMARCA4
R-HSA-9933947,participant,SMARCA4
R-HSA-9824585,participant,SMARCA4
R-HSA-9845323,participant,SMARCA4
R-HSA-1266695,participant,SMARCA4
R-HSA-3247509,participant,SMARCA4
R-HSA-9933946,participant,SMARCA4
R-HSA-9976102,participant,SMARCA4
R-HSA-977225,participant,SNCA
R-HSA-5660489,participant,SNCB
R-HSA-8983432,participant,SOS1
R-HSA-416482,participant,SOS1
R-HSA-8851805,participant,SOS1
R-HSA-5673001,participant,SOS1
R-HSA-5654699,participant,SOS1
R-HSA-1963640,participant,SOS1
R-HSA-186763,participant,SOS1
R-HSA-5654706,participant,SOS1
R-HSA-5654719,participant,SOS1
R-HSA-112412,participant,SOS1
R-HSA-5668541,participant,TNF
R-HSA-418594,participant,GNB5
R-HSA-418217,participant,GNB5
R-HSA-1296041,participant,GNB5
R-HSA-997272,participant,GNB5
R-HSA-500657,participant,GNB5
R-HSA-381676,participant,GNB5
R-HSA-432040,participant,GNB5
R-HSA-400042,participant,GNB5
R-HSA-6814122,participant,GNB5
R-HSA-375281,participant,GNRHR
R-HSA-5673001,participant,GRIN1
R-HSA-442982,participant,GRIN1
R-HSA-9620244,participant,GRIN1
R-HSA-438066,participant,GRIN1
R-HSA-9617324,participant,GRIN1
R-HSA-9609736,participant,GRIN1
R-HSA-3928662,participant,GRIN1
R-HSA-8849932,participant,GRIN1
R-HSA-6794361,participant,GRIN1
R-HSA-5673001,participant,GRIN2B
R-HSA-442982,participant,GRIN2B
R-HSA-9620244,participant,GRIN2B
R-HSA-438066,participant,GRIN2B
R-HSA-9617324,participant,GRIN2B
R-HSA-9609736,participant,GRIN2B
R-HSA-3928662,participant,GRIN2B
R-HSA-8849932,participant,GRIN2B
R-HSA-6794361,participant,GRIN2B
R-HSA-9032500,participant,GRIN2B
R-HSA-9022699,participant,GRIN2B
R-HSA-8856825,participant,GRK3
R-HSA-418555,participant,GRK6
R-HSA-416476,participant,GRM1
R-HSA-420499,participant,GRM1
R-HSA-6794361,participant,GRM1
R-HSA-418594,participant,GRM4
R-HSA-420499,participant,GRM4
R-HSA-416476,participant,GRM5
R-HSA-420499,participant,GRM5
R-HSA-6794361,participant,GRM5
R-HSA-418594,participant,GRM8
R-HSA-420499,participant,GRM8
R-HSA-69601,participant,GSK3B
R-HSA-75815,participant,GSK3B
R-HSA-9762114,participant,GSK3B
R-HSA-9856649,participant,GSK3B
R-HSA-8939902,participant,GSK3B
R-HSA-5250924,participant,GSK3B
R-HSA-451927,participant,HAVCR2
R-HSA-9856649,participant,HDAC1
R-HSA-9940951,participant,HDAC1
R-HSA-9937850,participant,HDAC1
R-HSA-193670,participant,HDAC1
R-HSA-9701898,participant,HDAC1
R-HSA-2122947,participant,HDAC1
R-HSA-350054,participant,HDAC1
R-HSA-9976102,participant,HDAC1
R-HSA-2894862,participant,HDAC1
R-HSA-2644606,participant,HDAC1
R-HSA-201722,participant,HDAC1
R-HSA-9018519,participant,HDAC1
R-HSA-9824594,participant,HDAC1
R-HSA-9825892,participant,HDAC1
R-HSA-8936459,participant,HDAC1
R-HSA-4641265,participant,HDAC1
R-HSA-2173795,participant,HDAC1
R-HSA-1538133,participant,HDAC1
R-HSA-9725371,participant,HDAC1
R-HSA-427413,participant,HDAC1
R-HSA-4551638,participant,HDAC1
R-HSA-9764725,participant,HDAC1
R-HSA-9022702,participant,HDAC1
R-HSA-9022692,participant,HDAC1
R-HSA-9615017,participant,HDAC1
R-HSA-9022538,participant,HDAC1
R-HSA-3769402,participant,HDAC1
R-HSA-2173796,participant,HDAC1
R-HSA-1362300,participant,HDAC1
R-HSA-1362277,participant,HDAC1
R-HSA-69205,participant,HDAC1
R-HSA-8943724,participant,HDAC1
R-HSA-9679191,participant,HDAC1
R-HSA-3214815,participant,HDAC1
R-HSA-9844594,participant,HDAC1
R-HSA-427389,participant,HDAC1
R-HSA-73762,participant,HDAC1
R-HSA-9843940,participant,HDAC1
R-HSA-9845323,participant,HDAC1
R-HSA-6804758,participant,HDAC1
R-HSA-9022699,participant,HDAC1
R-HSA-983231,participant,HDAC1
R-HSA-8943724,participant,HDAC2
R-HSA-9679191,participant,HDAC2
R-HSA-3214815,participant,HDAC2
R-HSA-9976102,participant,HDAC2
R-HSA-9844594,participant,HDAC2
R-HSA-427389,participant,HDAC2
R-HSA-73762,participant,HDAC2
R-HSA-9843940,participant,HDAC2
R-HSA-9845323,participant,HDAC2
R-HSA-9764725,participant,HDAC2
R-HSA-6804758,participant,HDAC2
R-HSA-9022699,participant,HDAC2
R-HSA-9022692,participant,HDAC2
R-HSA-9615017,participant,HDAC2
R-HSA-983231,participant,HDAC2
R-HSA-2122947,participant,HDAC2
R-HSA-350054,participant,HDAC2
R-HSA-2894862,participant,HDAC2
R-HSA-2644606,participant,HDAC2
R-HSA-9619665,participant,HDAC2
R-HSA-193670,participant,HDAC2
R-HSA-9701898,participant,HDAC2
R-HSA-9940951,participant,HDAC2
R-HSA-9937850,participant,HDAC2
R-HSA-427413,participant,HDAC2
R-HSA-4551638,participant,HDAC2
R-HSA-9613829,participant,HDAC6
R-HSA-1227986,participant,HER2
R-HSA-9634285,participant,HER2
R-HSA-9652282,participant,HER2
R-HSA-8863795,participant,HER2
R-HSA-416572,participant,HER2
R-HSA-8866910,participant,HER2
R-HSA-9938206,participant,HER2
R-HSA-9927418,participant,HER2
R-HSA-9927432,participant,HER2
R-HSA-1227986,participant,HER3
R-HSA-1236394,participant,HER3
R-HSA-9665686,participant,HER3
R-HSA-9664565,participant,HER3
R-HSA-1358803,participant,HER3
R-HSA-8849473,participant,HIF1A
R-HSA-9909649,participant,HIF1A
R-HSA-1234176,participant,HIF1A
R-HSA-2122947,participant,HIF1A
R-HSA-6785807,participant,HIF1A
R-HSA-9825892,participant,HINT1
R-HSA-9856649,participant,HINT1
R-HSA-9619665,participant,HMGCR
R-HSA-6803529,participant,HNRNPH1
R-HSA-72163,participant,HNRNPH1
R-HSA-9770562,participant,HNRNPH1
R-HSA-72203,participant,HNRNPH1
R-HSA-9918481,participant,HNRNPH1
R-HSA-9709570,participant,RAD1
R-HSA-9732724,participant,RAF PROTO-
R-HSA-2672351,participant,RAF PROTO-
R-HSA-392517,participant,RAF PROTO-
R-HSA-9732724,participant,RAF1
R-HSA-5621575,participant,RAF1
R-HSA-2672351,participant,RAF1
R-HSA-430116,participant,RAF1
R-HSA-392517,participant,RAF1
R-HSA-8853659,participant,RET
R-HSA-9830674,participant,RET
R-HSA-9830364,participant,RET
R-HSA-9768919,participant,RET
R-HSA-202424,participant,RIPK2
R-HSA-9613829,participant,RNA-BINDIN
R-HSA-3928662,participant,ROCK2
R-HSA-9679191,participant,ROCK2
R-HSA-416572,participant,ROCK2
R-HSA-9013026,participant,ROCK2
R-HSA-9013422,participant,ROCK2
R-HSA-2426168,participant,SCD
R-HSA-75105,participant,SCD
R-HSA-1257604,participant,SGK1
R-HSA-6804757,participant,SGK1
R-HSA-8986944,participant,SGK1
R-HSA-909733,participant,SHP1
R-HSA-9705671,participant,SHP1
R-HSA-389948,participant,SHP1
R-HSA-9927353,participant,SHP1
R-HSA-512988,participant,SHP1
R-HSA-391160,participant,SHP1
R-HSA-983695,participant,SHP1
R-HSA-877300,participant,SHP1
R-HSA-210993,participant,SOS1
R-HSA-5654700,participant,SOS1
R-HSA-180336,participant,SOS1
R-HSA-2871796,participant,SOS1
R-HSA-1250347,participant,SOS1
R-HSA-8853659,participant,SOS1
R-HSA-1250196,participant,SOS1
R-HSA-5654693,participant,SOS1
R-HSA-912526,participant,SOS1
R-HSA-2179392,participant,SOS1
R-HSA-167044,participant,SOS1
R-HSA-9034864,participant,SOS1
R-HSA-5655302,participant,SOS1
R-HSA-5655253,participant,SOS1
R-HSA-9670439,participant,SOS1
R-HSA-9664565,participant,SOS1
R-HSA-9634285,participant,SOS1
R-HSA-9673770,participant,SOS1
R-HSA-5637810,participant,SOS1
R-HSA-9027284,participant,SOS1
R-HSA-2424491,participant,SOS1
R-HSA-2730905,participant,SOS1
R-HSA-1433559,participant,SOS1
R-HSA-418594,participant,SRC
R-HSA-9680350,participant,SRC
R-HSA-380972,participant,STRADA
R-HSA-1663150,participant,STS
R-HSA-6798695,participant,TARGET OF
R-HSA-428930,participant,TBXA2R
R-HSA-416476,participant,TBXA2R
R-HSA-9013422,participant,TESTIS-SPE
R-HSA-209905,participant,TH
R-HSA-5357786,participant,TNF
R-HSA-75893,participant,TNF
R-HSA-5357905,participant,TNF
R-HSA-5357956,participant,TNF
R-HSA-9942503,participant,TNF
R-HSA-5689896,participant,TNFAIP3
R-HSA-936440,participant,TNFAIP3
R-HSA-5357786,participant,TNFAIP3
R-HSA-1234158,participant,HIF1A
R-HSA-9701898,participant,HIF1A
R-HSA-5628897,participant,TP53
R-HSA-2559585,participant,TP53
R-HSA-6804756,participant,TP53
R-HSA-1912408,participant,TP53
R-HSA-8943724,participant,TP53
R-HSA-5693565,participant,TP53
R-HSA-983231,participant,TP53
R-HSA-6785807,participant,TP53
R-HSA-5689880,participant,TP53
R-HSA-5628897,participant,TP63
R-HSA-9725554,participant,TP63
R-HSA-198933,participant,TRANSCRIPT
R-HSA-2424491,participant,TREM2
R-HSA-2172127,participant,TREM2
R-HSA-416700,participant,TREM2
R-HSA-198933,participant,TREM2
R-HSA-877300,participant,TRIPARTITE
R-HSA-3295583,participant,TRPV1
R-HSA-9856530,participant,TRPV4
R-HSA-5686938,participant,TYROSINE-P
R-HSA-3000480,participant,TYROSINE-P
R-HSA-3000484,participant,TYROSINE-P
R-HSA-6811558,participant,VAV1
R-HSA-2219530,participant,VAV1
R-HSA-196791,participant,VDR
R-HSA-4090294,participant,VDR
R-HSA-383280,participant,VDR
R-HSA-194306,participant,VEGFR1
R-HSA-216083,participant,VON HIPPEL
R-HSA-3238698,participant,WNT3
R-HSA-74259,participant,XDH
R-HSA-9748787,participant,XDH
R-HSA-8851680,participant,XDH
R-HSA-5674135,participant,YWHAB
R-HSA-5673000,participant,YWHAB
R-HSA-9656223,participant,YWHAB
R-HSA-5675221,participant,YWHAB
R-HSA-9649948,participant,YWHAB
R-HSA-9824594,participant,HINT1
R-HSA-114608,participant,HRG
R-HSA-416476,participant,HRH1
R-HSA-390650,participant,HRH1
R-HSA-390650,participant,HRH3
R-HSA-194002,participant,HSD11B1
R-HSA-9757110,participant,HSD11B1
R-HSA-70895,participant,HSD17B10
R-HSA-9837999,participant,HSD17B10
R-HSA-6785470,participant,HSD17B10
R-HSA-8868766,participant,HSD17B10
R-HSA-6787450,participant,HSD17B10
R-HSA-390666,participant,HTR1A
R-HSA-416476,participant,HTR2A
R-HSA-390666,participant,HTR2A
R-HSA-112314,participant,HTR3A
R-HSA-389542,participant,IDH1
R-HSA-9033241,participant,IDH1
R-HSA-71403,participant,IDH2
R-HSA-9854311,participant,IDH2
R-HSA-9837999,participant,IDH2
R-HSA-2151201,participant,IDH2
R-HSA-1236974,participant,IKBKB
R-HSA-445989,participant,IKBKB
R-HSA-5357905,participant,IKBKB
R-HSA-1169091,participant,IKBKB
R-HSA-975144,participant,IKBKB
R-HSA-9833482,participant,IKBKB
R-HSA-5607764,participant,IKBKB
R-HSA-202424,participant,IKBKB
R-HSA-2871837,participant,IKBKB
R-HSA-9020702,participant,IKBKB
R-HSA-937041,participant,IKBKB
R-HSA-9758274,participant,IKBKB
R-HSA-937039,participant,IKBKB
R-HSA-933543,participant,IKBKB
R-HSA-1810476,participant,IKBKB
R-HSA-933542,participant,IKBKB
R-HSA-9705671,participant,IKBKB
R-HSA-168638,participant,IKBKB
R-HSA-5357956,participant,IKBKB
R-HSA-168927,participant,IKBKB
R-HSA-9860927,participant,IKBKB
R-HSA-9909505,participant,IKBKB
R-HSA-209543,participant,IKBKB
R-HSA-209560,participant,IKBKB
R-HSA-5603027,participant,IKBKB
R-HSA-5673001,participant,IL2
R-HSA-912526,participant,IL2
R-HSA-9020558,participant,IL2
R-HSA-8877330,participant,IL2
R-HSA-110056,participant,IL6
R-HSA-112411,participant,IL6
R-HSA-1059683,participant,IL6
R-HSA-9958825,participant,IL6
R-HSA-8853884,participant,IL6
R-HSA-2559582,participant,IL6
R-HSA-9662834,participant,IL6
R-HSA-9660821,participant,IL6
R-HSA-6783783,participant,IL6
R-HSA-6785807,participant,IL6
R-HSA-77387,participant,INS
R-HSA-74752,participant,INS
R-HSA-74713,participant,INSR
R-HSA-74751,participant,INSR
R-HSA-74749,participant,INSR
R-HSA-74752,participant,INSR
R-HSA-6811558,participant,INSR
R-HSA-77387,participant,INSR
R-HSA-114608,participant,ITGA2B
R-HSA-6802955,participant,ITGB3
R-HSA-6802946,participant,ITGB3
R-HSA-6802948,participant,ITGB3
R-HSA-9649948,participant,ITGB3
R-HSA-5674135,participant,ITGB3
R-HSA-9656223,participant,ITGB3
R-HSA-6802952,participant,ITGB3
R-HSA-354192,participant,ITGB3
R-HSA-9769733,participant,ITGB3
R-HSA-216083,participant,ITGB3
R-HSA-445144,participant,ITGB3
R-HSA-114608,participant,ITGB3
R-HSA-372708,participant,ITGB3
R-HSA-354194,participant,ITGB3
R-HSA-3000178,participant,ITGB3
R-HSA-9860927,participant,ITGB3
R-HSA-3000170,participant,ITGB3
R-HSA-1566948,participant,ITGB3
R-HSA-2129379,participant,ITGB3
R-HSA-2173789,participant,ITGB3
R-HSA-210990,participant,ITGB3
R-HSA-4420097,participant,ITGB3
R-HSA-9856532,participant,ITGB3
R-HSA-8943724,participant,JUN
R-HSA-9018519,participant,JUN
R-HSA-9909649,participant,JUN
R-HSA-9976102,participant,JUN
R-HSA-1912408,participant,JUN
R-HSA-2871796,participant,JUN
R-HSA-2559580,participant,JUN
R-HSA-450341,participant,JUN
R-HSA-5617472,participant,JUN
R-HSA-9673324,participant,JUN
R-HSA-9725370,participant,JUN
R-HSA-5687128,participant,JUN
R-HSA-5576890,participant,KCNA5
R-HSA-1296072,participant,KCNA5
R-HSA-5576890,participant,KCNH2
R-HSA-1296072,participant,KCNH2
R-HSA-1296067,participant,KCNJ1
R-HSA-5578775,participant,KCNJ11
R-HSA-382556,participant,KCNJ11
R-HSA-5678420,participant,KCNJ11
R-HSA-5683177,participant,KCNJ11
R-HSA-422356,participant,KCNJ11
R-HSA-1296025,participant,KCNJ11
R-HSA-418457,participant,KCNMA1
R-HSA-1296052,participant,KCNMA1
R-HSA-9667769,participant,KCNMA1
R-HSA-9662360,participant,KCNMA1
R-HSA-9856530,participant,KDR
R-HSA-9927418,participant,KIT
R-HSA-9927426,participant,KIT
R-HSA-8866910,participant,KIT
R-HSA-1433559,participant,KIT
R-HSA-1433557,participant,KIT
R-HSA-381340,participant,KITA-KYUSH
R-HSA-9616222,participant,KLF5
R-HSA-381340,participant,KLF5
R-HSA-381426,participant,KLK1
R-HSA-6802946,participant,KRAS
R-HSA-8951936,participant,KRAS
R-HSA-2132295,participant,LAG3
R-HSA-2028269,participant,LATS1
R-HSA-6811558,participant,LCK
R-HSA-2219530,participant,LCK
R-HSA-389359,participant,LCK
R-HSA-202427,participant,LCK
R-HSA-389513,participant,LCK
R-HSA-1433557,participant,LCK
R-HSA-9670439,participant,LCK
R-HSA-164944,participant,LCK
R-HSA-114604,participant,LCK
R-HSA-8963889,participant,LPL
R-HSA-975634,participant,LPL
R-HSA-8857538,participant,LRRK2
R-HSA-2129379,participant,LTBP3
R-HSA-6803157,participant,LYMPHOKINE
R-HSA-2559580,participant,TP53
R-HSA-6804757,participant,TP53
R-HSA-6804754,participant,TP53
R-HSA-9833482,participant,TP53
R-HSA-69541,participant,TP53
R-HSA-2559586,participant,TP53
R-HSA-69473,participant,TP53
R-HSA-6804759,participant,TP53
R-HSA-70635,participant,TP53
R-HSA-6804760,participant,TP53
R-HSA-8941855,participant,TP53
R-HSA-8853884,participant,TP53
R-HSA-3232118,participant,TP53
R-HSA-6803204,participant,TP63
R-HSA-6804759,participant,TP63
R-HSA-139915,participant,TP63
R-HSA-6803205,participant,TP63
R-HSA-114508,participant,TRPC6
R-HSA-139853,participant,TRPC6
R-HSA-418890,participant,TRPC6
R-HSA-3295583,participant,TRPC6
R-HSA-3295583,participant,TRPV4
R-HSA-3000471,participant,TYROSINE-P
R-HSA-1257604,participant,VAV1
R-HSA-983695,participant,VAV1
R-HSA-195399,participant,VEGFR1
R-HSA-983168,participant,VHL
R-HSA-1234176,participant,VHL
R-HSA-8951664,participant,VHL
R-HSA-9682706,participant,VHL
R-HSA-9694686,participant,VHL
R-HSA-9706019,participant,VHL
R-HSA-9769735,participant,VON HIPPEL
R-HSA-75892,participant,VON HIPPEL
R-HSA-9845620,participant,VON HIPPEL
R-HSA-9845621,participant,VON HIPPEL
R-HSA-9672393,participant,VON HIPPEL
R-HSA-9672391,participant,VON HIPPEL
R-HSA-69273,participant,WEE1
R-HSA-75035,participant,WEE1
R-HSA-69202,participant,WEE1
R-HSA-69656,participant,WEE1
R-HSA-156711,participant,WEE1
R-HSA-983231,participant,WEE1
R-HSA-2672351,participant,WNK2
R-HSA-3238698,participant,WNT1
R-HSA-6802946,participant,YWHAB
R-HSA-6802952,participant,YWHAB
R-HSA-5625740,participant,YWHAB
R-HSA-9755779,participant,YWHAB
R-HSA-111447,participant,YWHAB
R-HSA-5628897,participant,YWHAB
R-HSA-9735871,participant,YWHAB
R-HSA-1445148,participant,YWHAB
R-HSA-9726840,participant,YWHAB
R-HSA-9726842,participant,YWHAB
R-HSA-2028269,participant,YWHAB
R-HSA-9614399,participant,YWHAB
R-HSA-9856649,participant,YWHAB
R-HSA-170968,participant,YWHAB
R-HSA-170984,participant,YWHAB
R-HSA-165159,participant,YWHAB
R-HSA-392517,participant,YWHAB
R-HSA-450385,participant,YWHAB
R-HSA-450513,participant,YWHAB
R-HSA-1257604,participant,LCK
R-HSA-389357,participant,LCK
R-HSA-389356,participant,LCK
R-HSA-2424491,participant,LCK
R-HSA-9020558,participant,LCK
R-HSA-210990,participant,LCK
R-HSA-1433559,participant,LCK
R-HSA-389948,participant,LCK
R-HSA-167590,participant,LCK
R-HSA-9706374,participant,LCK
R-HSA-9013407,participant,LCK
R-HSA-9841922,participant,LPL
R-HSA-381340,participant,LPL
R-HSA-8963901,participant,LPL
R-HSA-2173789,participant,LTBP3
R-HSA-181430,participant,MAOA
R-HSA-380612,participant,MAOA
R-HSA-141333,participant,MAOA
R-HSA-379397,participant,MAOA
R-HSA-379398,participant,MAOA
R-HSA-379401,participant,MAOA
R-HSA-6785807,participant,MAOA
R-HSA-141333,participant,MAOB
R-HSA-5674135,participant,MAP2
R-HSA-170968,participant,MAP2
R-HSA-9649948,participant,MAP2
R-HSA-6802948,participant,MAP2
R-HSA-6802946,participant,MAP2
R-HSA-6802955,participant,MAP2
R-HSA-9656223,participant,MAP2
R-HSA-6802952,participant,MAP2
R-HSA-5210891,participant,MAP2
R-HSA-5674135,participant,MAP2K1
R-HSA-170968,participant,MAP2K1
R-HSA-9649948,participant,MAP2K1
R-HSA-6802948,participant,MAP2K1
R-HSA-6802946,participant,MAP2K1
R-HSA-6802955,participant,MAP2K1
R-HSA-9656223,participant,MAP2K1
R-HSA-6802952,participant,MAP2K1
R-HSA-5684264,participant,MAP2K1
R-HSA-110056,participant,MAP2K1
R-HSA-5210891,participant,MAP2K1
R-HSA-5674135,participant,MAP2K2
R-HSA-170968,participant,MAP2K2
R-HSA-9649948,participant,MAP2K2
R-HSA-6802948,participant,MAP2K2
R-HSA-6802946,participant,MAP2K2
R-HSA-6802955,participant,MAP2K2
R-HSA-9656223,participant,MAP2K2
R-HSA-6802952,participant,MAP2K2
R-HSA-5210891,participant,MAP2K2
R-HSA-5675221,participant,MAPK1
R-HSA-112409,participant,MAPK1
R-HSA-9842640,participant,MAPK1
R-HSA-879415,participant,MAPK1
R-HSA-6802952,participant,MAPK1
R-HSA-9656223,participant,MAPK1
R-HSA-6802955,participant,MAPK1
R-HSA-9652169,participant,MAPK1
R-HSA-6802946,participant,MAPK1
R-HSA-6802948,participant,MAPK1
R-HSA-9649948,participant,MAPK1
R-HSA-5674135,participant,MAPK1
R-HSA-9732724,participant,MAPK1
R-HSA-170968,participant,MAPK1
R-HSA-456926,participant,MAPK1
R-HSA-982772,participant,MAPK1
R-HSA-74749,participant,MAPK1
R-HSA-445144,participant,MAPK1
R-HSA-112411,participant,MAPK1
R-HSA-9635465,participant,MAPK1
R-HSA-2559580,participant,MAPK11
R-HSA-450302,participant,MAPK11
R-HSA-2559580,participant,MAPK14
R-HSA-450302,participant,MAPK14
R-HSA-264870,participant,MAPT
R-HSA-375276,participant,MAS1
R-HSA-9725370,participant,MCL1
R-HSA-6785807,participant,MCL1
R-HSA-6804757,participant,MDM2
R-HSA-198323,participant,MDM2
R-HSA-9766229,participant,MDM2
R-HSA-9768919,participant,MDM2
R-HSA-5674400,participant,MDM2
R-HSA-9725370,participant,MDM2
R-HSA-8957275,participant,MELANOMA-A
R-HSA-381426,participant,MELANOMA-A
R-HSA-6806942,participant,MET
R-HSA-9734091,participant,MET
R-HSA-416550,participant,MET
R-HSA-6807004,participant,MET
R-HSA-9022699,participant,MET
R-HSA-9825892,participant,MET
R-HSA-8875360,participant,MET
R-HSA-8953750,participant,MGA
R-HSA-5693607,participant,MITOGEN-AC
R-HSA-1632852,participant,MLST8
R-HSA-380972,participant,MLST8
R-HSA-166208,participant,MLST8
R-HSA-8943724,participant,MLST8
R-HSA-165159,participant,MLST8
R-HSA-5628897,participant,MLST8
R-HSA-9639288,participant,MLST8
R-HSA-9920951,participant,MLST8
R-HSA-5218920,participant,MLST8
R-HSA-389357,participant,MLST8
R-HSA-1257604,participant,MLST8
R-HSA-6804757,participant,MLST8
R-HSA-9856530,participant,MLST8
R-HSA-5674400,participant,MLST8
R-HSA-6798695,participant,MOS
R-HSA-1632852,participant,MTOR
R-HSA-380972,participant,MTOR
R-HSA-166208,participant,MTOR
R-HSA-8943724,participant,MTOR
R-HSA-165159,participant,MTOR
R-HSA-5628897,participant,MTOR
R-HSA-9639288,participant,MTOR
R-HSA-9920951,participant,MTOR
R-HSA-5218920,participant,MTOR
R-HSA-389357,participant,MTOR
R-HSA-1257604,participant,MTOR
R-HSA-6804757,participant,MTOR
R-HSA-9856530,participant,MTOR
R-HSA-5674400,participant,MTOR
R-HSA-913709,participant,MUC16
R-HSA-5083625,participant,MUC16
R-HSA-5083636,participant,MUC16
R-HSA-2029485,participant,MUCIN-16
R-HSA-9664323,participant,MUCIN-16
R-HSA-2029482,participant,MUCIN-16
R-HSA-2029481,participant,MUCIN-16
R-HSA-166663,participant,MUCIN-16
R-HSA-173623,participant,MUCIN-16
R-HSA-9664422,participant,MUCIN-16
R-HSA-2871837,participant,MUCIN-16
R-HSA-2168880,participant,MUCIN-16
R-HSA-198933,participant,MUCIN-16
R-HSA-69656,participant,MYC
R-HSA-69202,participant,MYC
R-HSA-2122947,participant,MYC
R-HSA-8951430,participant,MYC
R-HSA-4411364,participant,MYC
R-HSA-9764562,participant,MYC
R-HSA-9909649,participant,MYC
R-HSA-201556,participant,MYC
R-HSA-9818749,participant,MYC
R-HSA-5687128,participant,MYC
R-HSA-8866911,participant,MYC
R-HSA-9616222,participant,MYC
R-HSA-2894862,participant,MYC
R-HSA-2644606,participant,MYC
R-HSA-6785807,participant,MYC
R-HSA-5689880,participant,MYC
R-HSA-9018519,participant,MYC
R-HSA-6803211,participant,TP63
R-HSA-6803207,participant,TP63
R-HSA-5620971,participant,TP63
R-HSA-9769743,participant,VON HIPPEL
R-HSA-9769739,participant,VON HIPPEL
R-HSA-69478,participant,WEE1
R-HSA-6802948,participant,YWHAB
R-HSA-6802955,participant,YWHAB
R-HSA-75035,participant,YWHAB
R-HSA-977606,participant,MUCIN-16
R-HSA-2871796,participant,MUCIN-16
R-HSA-2730905,participant,MUCIN-16
R-HSA-2454202,participant,MUCIN-16
R-HSA-2871809,participant,MUCIN-16
R-HSA-202733,participant,MUCIN-16
R-HSA-1362277,participant,MYC
R-HSA-2173796,participant,MYC
R-HSA-69656,participant,MYC PROTO-
R-HSA-1362277,participant,MYC PROTO-
R-HSA-69202,participant,MYC PROTO-
R-HSA-2173796,participant,MYC PROTO-
R-HSA-2122947,participant,MYC PROTO-
R-HSA-8951430,participant,MYC PROTO-
R-HSA-4411364,participant,MYC PROTO-
R-HSA-9764562,participant,MYC PROTO-
R-HSA-9909649,participant,MYC PROTO-
R-HSA-201556,participant,MYC PROTO-
R-HSA-9818749,participant,MYC PROTO-
R-HSA-5687128,participant,MYC PROTO-
R-HSA-8866911,participant,MYC PROTO-
R-HSA-9616222,participant,MYC PROTO-
R-HSA-2894862,participant,MYC PROTO-
R-HSA-2644606,participant,MYC PROTO-
R-HSA-6785807,participant,MYC PROTO-
R-HSA-5689880,participant,MYC PROTO-
R-HSA-9018519,participant,MYC PROTO-
R-HSA-418990,participant,NECTIN4
R-HSA-420597,participant,NECTIN4
R-HSA-9755511,participant,NFE2L2
R-HSA-9818749,participant,NFE2L2
R-HSA-8951664,participant,NFE2L2
R-HSA-9679191,participant,NFE2L2
R-HSA-9705671,participant,NLRP3
R-HSA-9660826,participant,NLRP3
R-HSA-844456,participant,NLRP3
R-HSA-9707564,participant,NLRP3
R-HSA-9692916,participant,NLRP3
R-HSA-5689901,participant,NLRP3
R-HSA-392154,participant,NOS1
R-HSA-1222556,participant,NOS1
R-HSA-5578775,participant,NOS1
R-HSA-392154,participant,NOS2
R-HSA-1222556,participant,NOS2
R-HSA-6785807,participant,NOS2
R-HSA-9033241,participant,NOS2
R-HSA-418594,participant,NPY1R
R-HSA-375276,participant,NPY1R
R-HSA-418594,participant,NPY2R
R-HSA-375276,participant,NPY2R
R-HSA-159418,participant,NR1H4
R-HSA-192105,participant,NR1H4
R-HSA-211976,participant,NR1H4
R-HSA-193368,participant,NR1H4
R-HSA-193807,participant,NR1H4
R-HSA-1989781,participant,NR1H4
R-HSA-8849473,participant,NR3C1
R-HSA-8939902,participant,NR3C1
R-HSA-9768777,participant,NR3C1
R-HSA-9615017,participant,NR3C1
R-HSA-4090294,participant,NR3C1
R-HSA-3371497,participant,NR3C1
R-HSA-187042,participant,NTRK1
R-HSA-9026357,participant,NTRK2
R-HSA-9024909,participant,NTRK2
R-HSA-9025046,participant,NTRK2
R-HSA-9032500,participant,NTRK2
R-HSA-9034013,participant,NTRK3
R-HSA-9034015,participant,NTRK3
R-HSA-9603505,participant,NTRK3
R-HSA-388844,participant,NTRK3
R-HSA-9609690,participant,OBG-LIKE A
R-HSA-9833482,participant,OBG-LIKE A
R-HSA-190861,participant,OBG-LIKE A
R-HSA-9646399,participant,OBG-LIKE A
R-HSA-9609736,participant,OBG-LIKE A
R-HSA-437239,participant,OBG-LIKE A
R-HSA-8955332,participant,OBG-LIKE A
R-HSA-8852276,participant,OBG-LIKE A
R-HSA-380320,participant,OBG-LIKE A
R-HSA-9648025,participant,OBG-LIKE A
R-HSA-68877,participant,OBG-LIKE A
R-HSA-9668328,participant,OBG-LIKE A
R-HSA-9619483,participant,OBG-LIKE A
R-HSA-5663220,participant,OBG-LIKE A
R-HSA-190840,participant,OBG-LIKE A
R-HSA-5626467,participant,OBG-LIKE A
R-HSA-983189,participant,OBG-LIKE A
R-HSA-1445148,participant,OBG-LIKE A
R-HSA-2500257,participant,OBG-LIKE A
R-HSA-2467813,participant,OBG-LIKE A
R-HSA-6807878,participant,OBG-LIKE A
R-HSA-3371497,participant,OBG-LIKE A
R-HSA-2132295,participant,OBG-LIKE A
R-HSA-6811436,participant,OBG-LIKE A
R-HSA-6811434,participant,OBG-LIKE A
R-HSA-5620920,participant,OBG-LIKE A
R-HSA-114608,participant,OLA1
R-HSA-418594,participant,OPRD1
R-HSA-375276,participant,OPRD1
R-HSA-6785807,participant,OPRD1
R-HSA-418594,participant,OPRK1
R-HSA-375276,participant,OPRK1
R-HSA-9022699,participant,OPRK1
R-HSA-418594,participant,OPRM1
R-HSA-375276,participant,OPRM1
R-HSA-111885,participant,OPRM1
R-HSA-202040,participant,OPRM1
R-HSA-9022699,participant,OPRM1
R-HSA-6785807,participant,OPRM1
R-HSA-418594,participant,ORL1
R-HSA-375276,participant,ORL1
R-HSA-3899300,participant,PARK7
